region_name,state_name,lat_max,lat_min,lng_max,lng_min,lat_avg,lng_avg,yearly_sunlight_kwh_kw_threshold_avg,count_qualified,percent_covered,percent_qualified,number_of_panels_n,number_of_panels_s,number_of_panels_e,number_of_panels_w,number_of_panels_f,number_of_panels_median,number_of_panels_total,kw_median,kw_total,yearly_sunlight_kwh_n,yearly_sunlight_kwh_s,yearly_sunlight_kwh_e,yearly_sunlight_kwh_w,yearly_sunlight_kwh_f,yearly_sunlight_kwh_median,yearly_sunlight_kwh_total,install_size_kw_buckets_json,carbon_offset_metric_tons,existing_installs_count
Alameda County,California,37.905009,37.4568076,-121.4861979,-122.3395586,37.70448805,-122.0864721,1229.95,372309,96.58533841,94.29435438,2464697,5839298,4441471,5359395,1.28E+07,49,3.09E+07,12.25,7724888.25,7.84E+08,2.23E+09,1.51E+09,1.91E+09,4.66E+09,17568.44767,1.11E+10,"[[0,41995],[5,99875],[10,87007],[15,66149],[20,35464],[25,13516],[30,6122],[35,3433],[40,2310],[45,1676],[50,1264],[55,1096],[60,867],[65,796],[70,701],[75,579],[80,492],[85,469],[90,422],[95,411],[100,344],[105,328],[110,291],[115,305],[120,251],[125,233],[130,229],[135,207],[140,185],[145,194],[150,159],[155,162],[160,154],[165,166],[170,148],[175,163],[180,121],[185,119],[190,117],[195,102],[200,90],[205,102],[210,117],[215,91],[220,80],[225,101],[230,82],[235,63],[240,68],[245,49],[250,65],[255,69],[260,50],[265,59],[270,56],[275,59],[280,58],[285,47],[290,53],[295,51],[300,51],[305,42],[310,59],[315,53],[320,31],[325,33],[330,47],[335,39],[340,27],[345,34],[350,37],[355,30],[360,36],[365,34],[370,38],[375,29],[380,26],[385,41],[390,24],[395,35],[400,22],[405,23],[410,15],[415,21],[420,15],[425,18],[430,25],[435,25],[440,25],[445,22],[450,19],[455,16],[460,19],[465,18],[470,11],[475,20],[480,17],[485,10],[490,10],[495,11],[500,12],[505,14],[510,11],[515,16],[520,13],[525,13],[530,14],[535,15],[540,12],[545,10],[550,13],[555,10],[560,12],[565,11],[570,18],[575,16],[580,12],[585,11],[590,12],[595,11],[600,7],[605,10],[610,13],[615,15],[620,14],[625,6],[630,12],[635,8],[640,8],[645,14],[650,3],[655,4],[660,10],[665,10],[670,6],[675,5],[680,13],[685,8],[690,15],[695,9],[700,3],[705,8],[710,12],[715,10],[720,10],[725,7],[730,6],[735,5],[740,4],[745,6],[750,6],[755,8],[760,4],[765,6],[770,12],[775,8],[780,8],[785,7],[790,3],[795,6],[800,12],[805,6],[810,5],[815,8],[820,5],[825,4],[830,6],[835,10],[840,3],[845,11],[850,8],[855,2],[860,6],[865,3],[870,4],[875,3],[880,6],[885,4],[890,2],[895,8],[900,3],[905,5],[910,7],[915,6],[920,1],[925,6],[930,12],[935,2],[940,8],[945,5],[950,2],[955,1],[960,3],[965,3],[970,1],[975,4],[985,2],[990,3],[995,6],[1000,2],[1005,1],[1010,2],[1015,4],[1020,7],[1025,6],[1030,5],[1035,2],[1040,3],[1045,1],[1050,2],[1055,1],[1060,3],[1065,3],[1070,4],[1075,3],[1080,2],[1085,3],[1090,1],[1095,3],[1100,1],[1105,2],[1110,4],[1115,3],[1120,4],[1125,2],[1130,3],[1135,1],[1140,1],[1145,2],[1150,1],[1155,1],[1160,2],[1165,3],[1170,1],[1175,3],[1180,3],[1185,6],[1190,2],[1195,2],[1200,3],[1205,2],[1210,1],[1220,2],[1225,4],[1230,1],[1235,2],[1240,2],[1245,3],[1250,1],[1255,1],[1260,4],[1265,2],[1270,2],[1275,2],[1285,5],[1290,2],[1295,2],[1300,2],[1310,2],[1320,3],[1325,3],[1330,2],[1335,1],[1340,2],[1345,3],[1355,1],[1360,1],[1365,2],[1370,2],[1375,4],[1380,3],[1385,1],[1390,2],[1395,1],[1405,1],[1410,2],[1415,2],[1420,1],[1425,1],[1430,3],[1435,1],[1440,3],[1450,1],[1460,4],[1465,1],[1470,1],[1475,1],[1480,3],[1485,1],[1490,1],[1505,1],[1510,2],[1520,2],[1530,1],[1535,2],[1540,3],[1545,1],[1550,2],[1555,1],[1560,1],[1565,2],[1575,4],[1580,2],[1590,2],[1595,2],[1605,1],[1610,2],[1615,1],[1635,1],[1640,1],[1645,2],[1650,3],[1655,1],[1665,2],[1675,3],[1685,2],[1690,1],[1695,2],[1700,2],[1705,1],[1715,1],[1720,2],[1725,3],[1730,2],[1745,1],[1750,1],[1760,2],[1765,1],[1770,3],[1775,2],[1785,2],[1795,1],[1800,2],[1805,2],[1825,1],[1830,3],[1845,1],[1855,1],[1860,1],[1870,4],[1880,1],[1890,1],[1900,1],[1955,1],[1970,1],[1990,1],[1995,1],[2005,1],[2030,1],[2035,1],[2045,1],[2050,1],[2060,2],[2065,3],[2070,1],[2075,1],[2085,2],[2100,1],[2120,1],[2135,2],[2140,1],[2145,1],[2150,1],[2165,1],[2180,1],[2185,2],[2200,2],[2245,2],[2285,1],[2305,1],[2325,1],[2345,1],[2355,1],[2375,1],[2390,1],[2420,1],[2425,1],[2490,2],[2500,2],[2510,1],[2525,2],[2585,1],[2590,2],[2635,1],[2675,1],[2690,1],[2705,1],[2715,1],[2720,1],[2725,1],[2730,1],[2750,1],[2820,1],[2830,1],[2835,1],[2840,2],[2880,1],[2900,1],[2910,1],[2930,1],[2950,1],[2960,1],[3005,1],[3055,1],[3070,1],[3100,1],[3160,1],[3190,1],[3195,1],[3205,1],[3210,2],[3225,1],[3320,1],[3395,1],[3665,1],[3910,1],[4025,1]]",3025442.222,14127
Butte County,California,40.1170796,39.3048326,-121.1162612,-122.0514502,39.65656047,-121.6874116,1205.3,45356,54.48973703,82.81780667,164367,812802,519295,667031,1210159,46,3373654,11.5,843413.5,5.06E+07,3.00E+08,1.72E+08,2.27E+08,4.28E+08,16164.77892,1.18E+09,"[[0,7158],[5,11786],[10,10339],[15,6725],[20,3592],[25,1789],[30,937],[35,575],[40,379],[45,234],[50,182],[55,171],[60,146],[65,124],[70,102],[75,89],[80,78],[85,61],[90,61],[95,49],[100,44],[105,33],[110,42],[115,36],[120,37],[125,26],[130,29],[135,27],[140,30],[145,23],[150,22],[155,11],[160,16],[165,16],[170,13],[175,15],[180,16],[185,12],[190,10],[195,14],[200,14],[205,13],[210,9],[215,11],[220,8],[225,6],[230,7],[235,9],[240,6],[245,3],[250,6],[255,2],[260,6],[265,5],[270,8],[275,6],[280,5],[285,5],[290,6],[295,4],[300,7],[305,2],[310,1],[315,4],[320,3],[325,3],[330,1],[335,4],[340,2],[345,5],[350,2],[355,4],[360,2],[365,2],[370,1],[380,1],[385,1],[395,1],[400,4],[405,3],[410,3],[420,3],[425,3],[430,1],[435,2],[440,2],[445,3],[450,1],[455,4],[460,2],[470,2],[475,1],[490,1],[495,3],[505,1],[515,1],[520,1],[525,1],[530,2],[540,1],[545,1],[550,2],[565,1],[570,2],[575,1],[590,1],[595,1],[605,1],[610,2],[615,1],[625,1],[630,2],[635,1],[645,1],[650,1],[665,1],[670,2],[685,2],[690,1],[705,1],[730,2],[755,1],[760,2],[765,1],[785,1],[795,1],[800,1],[825,2],[830,1],[835,1],[840,1],[875,1],[915,1],[920,1],[935,1],[960,3],[985,1],[1000,1],[1015,1],[1020,1],[1050,1],[1065,1],[1070,1],[1075,1],[1080,1],[1115,1],[1135,1],[1185,1],[1190,1],[1195,1],[1210,1],[1220,1],[1235,1],[1240,1],[1305,2],[1315,1],[1365,1],[1415,1],[1445,1],[1525,2],[1640,1],[1880,1],[2935,1],[4210,1]]",320913.8865,3286
Contra Costa County,California,38.0930855,37.7213434,-121.5416612,-122.4335636,37.93395213,-122.0159712,1232.5,304714,94.58345486,94.91524368,1768300,5769095,4162977,4999893,5857921,55,2.26E+07,13.75,5639546.5,5.59E+08,2.19E+09,1.42E+09,1.75E+09,2.12E+09,19320.2654,8.04E+09,"[[0,24636],[5,69631],[10,75582],[15,61239],[20,34572],[25,16220],[30,7329],[35,3807],[40,2147],[45,1311],[50,1000],[55,733],[60,594],[65,509],[70,405],[75,355],[80,299],[85,259],[90,264],[95,213],[100,189],[105,210],[110,154],[115,164],[120,137],[125,114],[130,123],[135,108],[140,86],[145,110],[150,109],[155,73],[160,71],[165,84],[170,64],[175,66],[180,56],[185,74],[190,43],[195,41],[200,49],[205,58],[210,53],[215,43],[220,43],[225,34],[230,32],[235,35],[240,43],[245,31],[250,24],[255,29],[260,33],[265,31],[270,29],[275,19],[280,24],[285,18],[290,20],[295,20],[300,30],[305,21],[310,19],[315,20],[320,15],[325,26],[330,4],[335,18],[340,27],[345,22],[350,15],[355,22],[360,15],[365,12],[370,8],[375,12],[380,10],[385,13],[390,19],[395,10],[400,6],[405,12],[410,9],[415,8],[420,12],[425,9],[430,6],[435,12],[440,8],[445,11],[450,10],[455,3],[460,5],[465,7],[470,4],[475,3],[480,11],[485,5],[490,14],[500,7],[505,4],[510,3],[515,8],[520,9],[525,7],[530,8],[535,9],[540,2],[545,5],[550,4],[560,4],[565,5],[570,4],[575,4],[580,6],[585,3],[590,2],[595,4],[600,2],[605,1],[610,4],[615,2],[620,5],[630,2],[635,2],[640,4],[645,4],[650,4],[655,5],[660,2],[665,3],[670,2],[680,2],[685,3],[690,1],[695,3],[700,1],[705,3],[710,4],[720,5],[725,2],[730,2],[735,4],[740,2],[745,4],[750,1],[755,2],[760,3],[765,2],[770,2],[775,3],[780,3],[785,3],[790,2],[795,3],[800,5],[805,1],[810,2],[815,2],[825,1],[830,2],[835,1],[840,1],[845,1],[850,2],[855,1],[860,1],[865,2],[875,1],[880,2],[885,4],[890,1],[895,2],[900,1],[905,1],[910,2],[920,3],[925,1],[935,2],[940,1],[945,1],[950,1],[960,1],[975,2],[985,2],[990,3],[995,2],[1015,2],[1020,1],[1030,1],[1035,1],[1045,1],[1070,1],[1075,1],[1095,2],[1125,2],[1130,1],[1135,2],[1140,1],[1145,2],[1150,2],[1160,3],[1165,2],[1170,2],[1175,3],[1190,1],[1205,1],[1215,1],[1220,1],[1235,1],[1245,3],[1250,1],[1255,1],[1260,2],[1280,2],[1290,4],[1310,2],[1315,2],[1320,1],[1330,1],[1340,1],[1355,1],[1370,1],[1375,1],[1390,1],[1395,1],[1440,1],[1445,1],[1465,1],[1490,1],[1495,1],[1520,2],[1540,1],[1550,1],[1565,1],[1585,1],[1590,1],[1610,1],[1630,2],[1650,1],[1690,1],[1695,1],[1705,1],[1730,1],[1745,1],[1750,1],[1760,2],[1780,1],[1800,1],[1805,1],[1815,1],[1850,1],[1875,2],[1895,1],[1915,1],[1945,1],[1970,1],[1985,1],[2010,1],[2040,1],[2075,1],[2170,1],[2215,1],[2295,1],[2475,2],[2540,1],[2700,1],[2805,1],[2810,1],[2860,1],[2930,1],[3040,1],[3320,1],[3505,1],[3575,1],[3730,1],[3750,1],[4530,1]]",2192028.101,18011
El Dorado County,California,39.0673098,38.5143966,-119.8883223,-121.1199877,38.75884272,-120.6904765,1212.1,33969,39.24081117,86.86168717,158673,728081,593999,639600,562707,60,2683060,15,670765,4.93E+07,2.74E+08,2.00E+08,2.20E+08,2.03E+08,21438.64978,9.46E+08,"[[0,3221],[5,6016],[10,7236],[15,6512],[20,4611],[25,2579],[30,1450],[35,647],[40,372],[45,195],[50,172],[55,114],[60,90],[65,79],[70,56],[75,43],[80,46],[85,45],[90,37],[95,35],[100,32],[105,18],[110,26],[115,24],[120,13],[125,24],[130,17],[135,14],[140,10],[145,14],[150,10],[155,11],[160,11],[165,8],[170,9],[175,5],[180,8],[185,5],[190,8],[195,5],[200,8],[205,10],[210,5],[215,1],[220,7],[225,5],[230,3],[235,2],[240,3],[245,4],[250,1],[255,2],[260,2],[265,3],[270,5],[280,2],[285,7],[290,3],[295,1],[300,2],[305,3],[310,3],[315,2],[320,4],[330,4],[340,3],[345,1],[350,1],[360,1],[365,1],[370,1],[375,1],[385,1],[410,1],[420,1],[425,1],[435,1],[440,1],[445,1],[460,2],[465,2],[470,1],[480,1],[485,1],[495,1],[505,1],[510,1],[575,1],[585,1],[620,1],[660,1],[675,1],[690,1],[700,1],[720,1],[790,1],[815,1],[820,1],[830,1],[835,1],[890,1],[975,1],[1095,1],[1130,1],[1200,1],[1335,1],[1530,1],[1640,1],[2840,1],[3295,1]]",258021.399,3286
Fresno County,California,37.4282864,35.9110904,-118.4259968,-120.8688695,36.74314113,-119.7621879,1235.9,220926,72.87668743,94.99456071,2026880,4626837,3074837,3555517,7281703,61,2.06E+07,15.25,5141443.5,6.53E+08,1.81E+09,1.09E+09,1.24E+09,2.72E+09,22148.89378,7.51E+09,"[[0,16267],[5,39779],[10,50959],[15,44700],[20,27197],[25,14514],[30,7616],[35,4574],[40,2804],[45,1913],[50,1449],[55,1091],[60,828],[65,616],[70,477],[75,437],[80,366],[85,290],[90,298],[95,289],[100,257],[105,201],[110,245],[115,191],[120,156],[125,178],[130,154],[135,118],[140,119],[145,112],[150,117],[155,121],[160,96],[165,81],[170,88],[175,76],[180,69],[185,69],[190,63],[195,65],[200,61],[205,50],[210,51],[215,55],[220,41],[225,41],[230,58],[235,35],[240,38],[245,46],[250,36],[255,44],[260,28],[265,45],[270,32],[275,25],[280,31],[285,25],[290,29],[295,30],[300,27],[305,23],[310,23],[315,12],[320,17],[325,25],[330,13],[335,16],[340,14],[345,20],[350,18],[355,23],[360,12],[365,9],[370,9],[375,14],[380,8],[385,18],[390,13],[395,15],[400,11],[405,13],[410,11],[415,17],[420,12],[425,10],[430,14],[435,11],[440,6],[445,9],[450,14],[455,8],[460,10],[465,6],[470,8],[475,7],[480,10],[485,11],[490,4],[495,11],[500,10],[505,8],[510,3],[515,9],[520,7],[525,4],[530,8],[535,11],[540,8],[545,12],[550,3],[555,8],[560,10],[565,6],[570,5],[575,8],[580,1],[585,6],[590,5],[595,4],[600,6],[605,4],[610,9],[615,4],[620,3],[625,4],[630,5],[635,5],[640,5],[650,4],[655,3],[665,5],[670,3],[675,3],[680,3],[685,1],[690,2],[695,3],[700,6],[705,6],[710,2],[715,4],[720,3],[725,4],[730,5],[735,2],[740,1],[745,1],[750,5],[755,4],[760,2],[770,1],[775,2],[780,1],[785,3],[790,5],[795,5],[800,2],[810,3],[815,1],[820,1],[825,3],[830,5],[835,1],[840,1],[845,4],[850,4],[855,1],[860,2],[865,1],[870,2],[875,1],[880,2],[890,2],[895,1],[900,2],[905,1],[910,1],[915,3],[920,2],[935,1],[940,5],[945,5],[950,1],[955,1],[960,1],[965,1],[970,1],[975,4],[980,3],[985,3],[990,1],[995,2],[1000,3],[1005,3],[1010,1],[1015,2],[1020,1],[1025,1],[1030,3],[1035,1],[1040,2],[1050,1],[1055,1],[1065,1],[1070,1],[1080,4],[1095,1],[1100,1],[1105,1],[1110,5],[1115,1],[1120,4],[1135,1],[1140,1],[1145,1],[1150,1],[1155,2],[1160,1],[1165,1],[1170,1],[1175,3],[1180,2],[1185,1],[1190,1],[1200,1],[1205,1],[1210,4],[1215,1],[1220,1],[1230,1],[1235,1],[1240,3],[1245,1],[1250,1],[1255,1],[1270,1],[1275,2],[1280,1],[1285,2],[1290,3],[1295,2],[1305,3],[1310,2],[1315,1],[1325,1],[1330,1],[1335,1],[1340,1],[1350,1],[1355,1],[1360,1],[1375,1],[1380,1],[1385,1],[1390,2],[1410,1],[1420,1],[1440,1],[1455,2],[1460,1],[1465,4],[1470,1],[1525,1],[1530,1],[1550,2],[1565,2],[1575,1],[1590,2],[1600,1],[1605,1],[1615,1],[1625,1],[1630,4],[1635,2],[1650,1],[1660,1],[1680,2],[1685,2],[1705,1],[1715,1],[1725,1],[1730,1],[1740,1],[1760,1],[1790,2],[1795,1],[1815,2],[1820,1],[1830,2],[1870,1],[1885,1],[1935,1],[1960,2],[1975,2],[1985,1],[2015,1],[2030,1],[2050,1],[2060,1],[2090,1],[2095,1],[2130,1],[2140,1],[2150,2],[2195,1],[2210,1],[2220,1],[2225,1],[2285,1],[2320,1],[2335,1],[2490,1],[2495,1],[2520,1],[2535,1],[2550,1],[2560,1],[2620,1],[2635,1],[2665,1],[2740,1],[2750,2],[2805,1],[2890,1],[3030,1],[3035,1],[3040,1],[3145,1],[3350,1],[3365,1],[3450,1],[3620,1],[3655,1],[3765,1],[3770,1],[3805,1],[4035,1],[4235,1],[4330,1],[4450,1],[4540,1],[4905,1],[5005,1],[5050,1]]",2048591.58,11338
Humboldt County,California,41.4071089,40.0077403,-123.4921838,-124.3990122,40.77174178,-124.0990465,992.8,25740,54.70453296,89.20464391,112776,416789,278882,357420,683032,46,1848899,11.5,462224.75,2.90E+07,1.31E+08,7.65E+07,1.02E+08,2.01E+08,13592.65671,5.40E+08,"[[0,3795],[5,7012],[10,5543],[15,4082],[20,2245],[25,1034],[30,499],[35,269],[40,185],[45,119],[50,108],[55,88],[60,66],[65,68],[70,49],[75,48],[80,38],[85,31],[90,27],[95,34],[100,28],[105,25],[110,18],[115,21],[120,16],[125,16],[130,11],[135,10],[140,13],[145,10],[150,9],[155,12],[160,10],[165,6],[170,4],[175,12],[180,6],[185,12],[190,3],[195,8],[200,7],[205,5],[210,5],[215,4],[220,5],[225,3],[230,8],[235,4],[240,4],[245,2],[250,3],[255,2],[260,3],[265,2],[270,3],[275,1],[280,2],[285,3],[290,5],[295,4],[300,1],[305,2],[310,1],[315,3],[325,3],[330,2],[335,4],[340,3],[345,1],[350,1],[355,1],[360,2],[365,2],[370,2],[375,2],[380,1],[410,1],[415,2],[420,1],[460,1],[470,1],[475,1],[485,1],[505,1],[510,1],[520,1],[525,1],[535,1],[540,1],[545,2],[555,1],[560,1],[580,1],[605,1],[645,1],[655,1],[675,1],[680,1],[715,1],[765,1],[820,1],[855,1],[865,1],[910,2],[925,1],[1040,1],[1225,1],[1245,1],[1330,1],[1345,1],[1500,1],[1555,1],[1630,1],[1945,1],[2360,1],[3015,1],[3515,1]]",147283.1817,209
Imperial County,California,33.4336233,32.6519117,-114.5484867,-116.1042173,32.86802534,-115.5514457,1370.2,1,0.004220923,50,0,24,15,15,220,49,274,12.25,68.5,0,10470.42638,5923.742554,6067.924219,88815.09136,19810.51774,111277.1845,"[[0,2735],[5,6130],[10,6361],[15,4200],[20,2025],[25,838],[30,419],[35,238],[40,145],[45,107],[50,84],[55,85],[60,71],[65,54],[70,41],[75,33],[80,29],[85,36],[90,27],[95,24],[100,22],[105,19],[110,12],[115,11],[120,14],[125,15],[130,18],[135,10],[140,11],[145,10],[150,5],[155,8],[160,7],[165,4],[170,8],[175,6],[180,2],[185,6],[190,4],[195,4],[200,3],[205,2],[210,3],[215,5],[220,4],[225,4],[230,6],[235,2],[240,6],[245,5],[255,3],[260,1],[265,1],[270,1],[275,1],[280,2],[285,2],[290,2],[295,2],[300,1],[310,4],[315,2],[320,3],[325,2],[330,1],[340,2],[345,1],[350,2],[360,2],[365,1],[370,2],[375,1],[380,1],[390,2],[400,2],[420,1],[435,2],[440,1],[445,1],[465,3],[500,2],[540,1],[555,2],[585,1],[600,1],[620,1],[630,1],[640,1],[670,1],[705,1],[710,1],[800,2],[810,2],[825,1],[940,1],[975,1],[1030,1],[1060,1],[1065,1],[1380,1],[1545,1],[1580,2],[1845,1],[3205,1]]",47.91962498,0
Imperial County,California,33.4336233,32.6519117,-114.5484867,-116.1042173,32.86802534,-115.5514457,1370.2,23998,54.40769896,93.08766486,122084,383048,187048,322830,669018,49,1684028,12.25,421007,4.30E+07,1.68E+08,7.38E+07,1.24E+08,2.71E+08,19810.51774,6.79E+08,"[[0,2735],[5,6130],[10,6361],[15,4200],[20,2025],[25,838],[30,419],[35,238],[40,145],[45,107],[50,84],[55,85],[60,71],[65,54],[70,41],[75,33],[80,29],[85,36],[90,27],[95,24],[100,22],[105,19],[110,12],[115,11],[120,14],[125,15],[130,18],[135,10],[140,11],[145,10],[150,5],[155,8],[160,7],[165,4],[170,8],[175,6],[180,2],[185,6],[190,4],[195,4],[200,3],[205,2],[210,3],[215,5],[220,4],[225,4],[230,6],[235,2],[240,6],[245,5],[255,3],[260,1],[265,1],[270,1],[275,1],[280,2],[285,2],[290,2],[295,2],[300,1],[310,4],[315,2],[320,3],[325,2],[330,1],[340,2],[345,1],[350,2],[360,2],[365,1],[370,2],[375,1],[380,1],[390,2],[400,2],[420,1],[435,2],[440,1],[445,1],[465,3],[500,2],[540,1],[555,2],[585,1],[600,1],[620,1],[630,1],[640,1],[670,1],[705,1],[710,1],[800,2],[810,2],[825,1],[940,1],[975,1],[1030,1],[1060,1],[1065,1],[1380,1],[1545,1],[1580,2],[1845,1],[3205,1]]",292497.5903,5
Kern County,California,35.7971264,34.7969485,-117.6227873,-120.1925517,35.35703,-118.8974893,1255.45,167842,58.64172346,95.7160943,1681202,3272380,2127867,2805456,3608740,61,1.35E+07,15.25,3373911.25,5.50E+08,1.31E+09,7.73E+08,1.01E+09,1.38E+09,22808.20107,5.02E+09,"[[0,13066],[5,29626],[10,36836],[15,35599],[20,23441],[25,12266],[30,5855],[35,2832],[40,1677],[45,1092],[50,771],[55,545],[60,471],[65,394],[70,286],[75,266],[80,241],[85,223],[90,172],[95,167],[100,135],[105,146],[110,120],[115,100],[120,71],[125,78],[130,55],[135,69],[140,46],[145,55],[150,41],[155,39],[160,59],[165,34],[170,40],[175,34],[180,39],[185,29],[190,37],[195,24],[200,23],[205,17],[210,21],[215,21],[220,18],[225,17],[230,22],[235,15],[240,11],[245,17],[250,22],[255,11],[260,15],[265,18],[270,15],[275,11],[280,15],[285,13],[290,11],[295,9],[300,11],[305,7],[310,16],[315,8],[320,12],[325,10],[330,6],[335,7],[340,7],[345,6],[350,8],[355,5],[360,8],[365,6],[370,6],[375,6],[380,8],[385,7],[390,10],[395,6],[400,5],[405,6],[410,5],[415,1],[420,4],[425,5],[430,7],[435,4],[440,8],[445,1],[450,2],[455,4],[460,6],[465,8],[470,3],[475,8],[480,7],[485,2],[490,2],[495,13],[500,2],[505,3],[510,5],[515,2],[520,3],[525,4],[535,2],[540,4],[545,1],[550,1],[555,2],[560,1],[565,2],[570,1],[575,4],[580,5],[585,3],[590,4],[595,3],[605,2],[610,3],[615,3],[620,2],[630,2],[635,2],[640,2],[645,1],[650,1],[655,3],[660,3],[665,1],[670,1],[675,1],[680,2],[685,2],[695,1],[700,1],[715,2],[725,1],[730,3],[735,1],[740,1],[745,1],[755,2],[775,1],[800,1],[810,2],[815,3],[820,1],[830,1],[835,3],[840,1],[850,1],[860,1],[865,1],[905,1],[910,1],[920,1],[925,1],[935,1],[955,1],[995,2],[1020,1],[1025,1],[1060,1],[1070,2],[1085,1],[1090,3],[1100,1],[1105,1],[1110,1],[1150,1],[1160,1],[1165,1],[1170,1],[1185,1],[1195,1],[1215,1],[1220,1],[1225,1],[1230,1],[1235,1],[1270,1],[1295,1],[1345,1],[1350,2],[1360,1],[1365,1],[1370,1],[1395,1],[1420,1],[1440,1],[1450,1],[1455,1],[1480,1],[1485,1],[1490,1],[1540,2],[1545,1],[1550,1],[1575,1],[1665,1],[1675,1],[1685,1],[1695,1],[1725,1],[1785,1],[1790,1],[1875,1],[1885,1],[1960,1],[1985,1],[2005,1],[2465,1],[2530,1],[2680,1],[2730,1],[4720,1],[6125,1]]",1367724.714,6289
Kings County,California,36.4887457,35.7894269,-119.4746489,-120.2978479,36.27624038,-119.7161995,1251.2,21208,43.26731305,96.79156588,210676,396014,264323,329277,506697,56,1706987,14,426746.75,6.90E+07,1.62E+08,9.65E+07,1.19E+08,1.93E+08,21088.21196,6.40E+08,"[[0,1516],[5,4266],[10,5725],[15,4371],[20,2332],[25,1032],[30,573],[35,308],[40,173],[45,129],[50,103],[55,95],[60,55],[65,50],[70,39],[75,38],[80,33],[85,20],[90,25],[95,21],[100,21],[105,23],[110,15],[115,15],[120,12],[125,18],[130,8],[135,13],[140,7],[145,9],[150,14],[155,5],[160,7],[165,2],[170,5],[175,8],[180,3],[185,4],[190,5],[195,6],[200,4],[210,6],[215,4],[225,3],[230,2],[235,6],[250,1],[255,3],[260,1],[265,2],[270,1],[275,2],[280,3],[285,3],[290,2],[295,1],[300,2],[305,1],[310,1],[315,5],[345,2],[350,2],[355,1],[360,1],[370,1],[375,1],[385,2],[405,1],[415,1],[420,1],[435,1],[445,1],[450,2],[465,1],[475,1],[480,1],[490,1],[495,1],[515,1],[520,1],[590,1],[630,1],[635,1],[645,1],[650,1],[665,1],[730,1],[810,1],[865,1],[910,1],[920,1],[950,1],[1000,1],[1035,1],[1120,1],[1140,1],[1185,1],[1210,1],[1355,1],[1620,1],[1675,1],[1795,1],[1885,1],[2060,1],[2390,1],[2920,1],[6235,1]]",174410.2316,196
Los Angeles County,California,34.8199145,33.3235685,-117.6504745,-118.940287,34.07134529,-118.2353419,1405.05,1985306,96.3190307,84.3192493,1329440,2.82E+07,1.27E+07,1.93E+07,6.39E+07,33,1.25E+08,8.25,3.13E+07,4.64E+08,1.14E+10,4.72E+09,7.22E+09,2.43E+10,12775.11816,4.81E+10,"[[0,469829],[5,714512],[10,391166],[15,171866],[20,73559],[25,36507],[30,22286],[35,15201],[40,11103],[45,8560],[50,6774],[55,5370],[60,4691],[65,3981],[70,3476],[75,3125],[80,2789],[85,2507],[90,2238],[95,2062],[100,1926],[105,1747],[110,1629],[115,1465],[120,1323],[125,1189],[130,1096],[135,1058],[140,941],[145,905],[150,888],[155,766],[160,764],[165,686],[170,615],[175,634],[180,558],[185,555],[190,488],[195,515],[200,437],[205,422],[210,428],[215,345],[220,400],[225,381],[230,303],[235,324],[240,309],[245,286],[250,286],[255,275],[260,260],[265,235],[270,221],[275,229],[280,210],[285,209],[290,201],[295,192],[300,197],[305,179],[310,180],[315,159],[320,161],[325,135],[330,119],[335,127],[340,115],[345,117],[350,137],[355,128],[360,137],[365,137],[370,100],[375,103],[380,120],[385,103],[390,107],[395,86],[400,104],[405,83],[410,99],[415,100],[420,83],[425,75],[430,87],[435,82],[440,75],[445,84],[450,78],[455,60],[460,73],[465,63],[470,54],[475,47],[480,52],[485,52],[490,63],[495,61],[500,55],[505,52],[510,56],[515,40],[520,51],[525,30],[530,42],[535,49],[540,49],[545,49],[550,57],[555,57],[560,49],[565,36],[570,35],[575,48],[580,35],[585,37],[590,31],[595,21],[600,37],[605,33],[610,32],[615,37],[620,27],[625,31],[630,28],[635,39],[640,22],[645,24],[650,25],[655,32],[660,25],[665,21],[670,35],[675,32],[680,23],[685,31],[690,29],[695,22],[700,26],[705,23],[710,37],[715,28],[720,22],[725,29],[730,30],[735,28],[740,19],[745,15],[750,24],[755,24],[760,23],[765,24],[770,23],[775,20],[780,12],[785,21],[790,18],[795,24],[800,13],[805,15],[810,14],[815,22],[820,16],[825,23],[830,14],[835,17],[840,17],[845,15],[850,20],[855,16],[860,23],[865,20],[870,20],[875,11],[880,19],[885,13],[890,17],[895,11],[900,14],[905,14],[910,18],[915,18],[920,7],[925,10],[930,16],[935,18],[940,16],[945,17],[950,14],[955,8],[960,13],[965,10],[970,10],[975,12],[980,8],[985,17],[990,11],[995,12],[1000,13],[1005,13],[1010,13],[1015,8],[1020,15],[1025,18],[1030,14],[1035,13],[1040,11],[1045,14],[1050,9],[1055,7],[1060,7],[1065,12],[1070,9],[1075,12],[1080,5],[1085,6],[1090,9],[1095,12],[1100,6],[1105,9],[1110,9],[1115,13],[1120,11],[1125,8],[1130,13],[1135,13],[1140,10],[1145,8],[1150,13],[1155,8],[1160,9],[1165,14],[1170,9],[1175,13],[1180,5],[1185,9],[1190,8],[1195,7],[1200,6],[1205,11],[1210,8],[1215,7],[1220,7],[1225,7],[1230,10],[1235,7],[1240,5],[1245,5],[1250,8],[1255,8],[1260,12],[1265,8],[1270,5],[1275,9],[1280,3],[1285,6],[1290,7],[1295,8],[1300,4],[1305,12],[1310,7],[1315,7],[1320,6],[1325,9],[1330,5],[1335,8],[1340,6],[1345,7],[1350,8],[1355,3],[1360,8],[1365,5],[1370,5],[1375,7],[1380,4],[1385,11],[1390,5],[1395,4],[1400,4],[1405,5],[1410,8],[1415,5],[1420,5],[1425,7],[1430,9],[1435,7],[1440,1],[1445,5],[1450,7],[1455,3],[1460,7],[1465,4],[1470,5],[1475,6],[1480,4],[1485,4],[1490,3],[1495,4],[1500,4],[1505,6],[1510,4],[1515,9],[1520,5],[1525,3],[1530,2],[1535,4],[1540,4],[1545,4],[1550,6],[1555,4],[1560,8],[1565,4],[1570,7],[1575,4],[1580,3],[1585,4],[1590,5],[1595,1],[1600,6],[1605,7],[1610,1],[1615,5],[1620,1],[1625,4],[1630,6],[1635,4],[1640,4],[1645,3],[1650,5],[1655,3],[1660,5],[1665,2],[1670,2],[1675,1],[1680,3],[1685,2],[1690,2],[1695,2],[1700,1],[1705,3],[1710,4],[1715,1],[1720,4],[1725,5],[1730,5],[1735,1],[1740,2],[1745,6],[1750,4],[1755,2],[1760,1],[1765,1],[1770,1],[1775,1],[1780,2],[1785,3],[1795,5],[1800,3],[1805,3],[1810,3],[1815,3],[1820,5],[1825,2],[1840,4],[1845,5],[1850,4],[1855,1],[1860,2],[1865,1],[1870,3],[1875,1],[1880,2],[1885,3],[1890,4],[1895,1],[1900,3],[1905,3],[1910,5],[1915,4],[1920,3],[1925,2],[1930,2],[1935,3],[1945,3],[1950,3],[1955,2],[1960,2],[1965,1],[1970,1],[1975,2],[1985,1],[1990,3],[1995,4],[2000,2],[2005,4],[2010,3],[2015,1],[2020,1],[2030,1],[2035,1],[2040,1],[2045,2],[2050,1],[2055,2],[2060,4],[2065,2],[2070,2],[2080,2],[2085,2],[2090,2],[2100,2],[2105,2],[2110,1],[2115,1],[2120,4],[2130,5],[2135,2],[2140,1],[2145,1],[2150,2],[2155,3],[2160,1],[2165,2],[2170,1],[2185,1],[2190,2],[2195,2],[2200,2],[2205,2],[2210,1],[2215,3],[2225,3],[2230,1],[2240,3],[2245,1],[2250,3],[2255,1],[2260,4],[2270,4],[2275,1],[2285,1],[2290,2],[2295,3],[2300,3],[2305,1],[2310,3],[2315,2],[2325,1],[2335,1],[2345,1],[2350,2],[2355,1],[2365,3],[2380,1],[2390,1],[2395,2],[2400,1],[2405,1],[2410,1],[2420,1],[2425,2],[2430,1],[2440,2],[2445,1],[2455,1],[2460,2],[2465,3],[2475,1],[2480,2],[2485,1],[2495,1],[2500,2],[2505,3],[2540,1],[2560,2],[2585,1],[2590,1],[2625,1],[2630,1],[2640,2],[2660,2],[2665,1],[2690,1],[2710,1],[2720,1],[2725,3],[2730,1],[2755,1],[2770,1],[2775,1],[2780,1],[2785,2],[2805,1],[2810,1],[2815,1],[2825,1],[2835,1],[2840,1],[2855,1],[2860,1],[2870,1],[2880,1],[2910,1],[2915,1],[2920,1],[2930,1],[2935,1],[2945,2],[2950,2],[2955,1],[2960,1],[2980,3],[3010,1],[3020,1],[3060,1],[3075,1],[3085,1],[3105,1],[3110,1],[3150,2],[3155,1],[3180,1],[3200,1],[3220,1],[3230,1],[3265,1],[3285,1],[3340,1],[3360,1],[3385,1],[3395,1],[3400,1],[3415,1],[3510,1],[3605,1],[3635,1],[3650,1],[3725,1],[3730,1],[3795,1],[3800,1],[3975,1],[3980,1],[4005,1],[4125,1],[4140,1],[4195,1],[4205,1],[4250,1],[4280,1],[4400,1],[4435,1],[5205,2],[5370,1],[5390,1],[7765,1]]",1.31E+07,37948
Madera County,California,37.7579711,36.7738673,-119.0832815,-120.5339139,37.07470809,-119.9535429,1243.55,19824,34.2054526,92.34639214,174830,361775,252287,308664,641423,60,1738979,15,434744.75,5.69E+07,1.45E+08,9.00E+07,1.12E+08,2.43E+08,22401.54331,6.46E+08,"[[0,1625],[5,3581],[10,4509],[15,4141],[20,2644],[25,1337],[30,649],[35,349],[40,189],[45,122],[50,78],[55,60],[60,44],[65,37],[70,35],[75,28],[80,28],[85,27],[90,26],[95,15],[100,13],[105,17],[110,16],[115,15],[120,10],[125,9],[130,14],[135,7],[140,7],[145,6],[150,10],[155,12],[160,4],[165,6],[170,5],[175,6],[180,3],[185,7],[190,5],[195,3],[200,2],[205,4],[210,3],[215,2],[220,4],[225,5],[230,2],[235,4],[240,1],[245,7],[250,2],[255,5],[260,3],[265,4],[270,4],[275,3],[280,1],[285,2],[290,2],[295,2],[305,1],[310,1],[320,3],[335,1],[340,1],[350,3],[375,2],[385,1],[390,2],[395,1],[400,2],[405,1],[420,2],[490,2],[510,1],[515,2],[545,1],[565,1],[580,1],[585,1],[590,1],[625,1],[645,1],[675,1],[680,1],[710,1],[760,1],[780,1],[835,1],[840,1],[855,1],[910,1],[925,1],[950,1],[965,1],[970,1],[1040,1],[1165,1],[1265,1],[1275,1],[1465,1],[1625,1],[1850,1],[1950,1],[1980,1],[2225,1],[2490,1],[2825,1],[3015,1],[3290,1],[3975,1],[4055,1],[6245,1]]",176055.2911,171
Marin County,California,38.3177867,37.8155539,-122.4191519,-123.0233101,37.9915591,-122.5611254,1207,67983,87.04404453,85.91305447,377518,1102281,827177,881798,1635130,51,4823904,12.75,1205976,1.18E+08,4.09E+08,2.79E+08,3.03E+08,5.79E+08,17648.17729,1.69E+09,"[[0,9677],[5,16590],[10,13705],[15,11044],[20,7276],[25,3678],[30,1748],[35,894],[40,565],[45,361],[50,283],[55,263],[60,204],[65,159],[70,145],[75,113],[80,99],[85,89],[90,81],[95,67],[100,57],[105,54],[110,45],[115,53],[120,34],[125,39],[130,37],[135,34],[140,31],[145,33],[150,34],[155,15],[160,25],[165,25],[170,17],[175,19],[180,24],[185,13],[190,21],[195,14],[200,13],[205,11],[210,9],[215,13],[220,11],[225,8],[230,12],[235,12],[240,8],[245,9],[250,6],[255,6],[260,9],[265,5],[270,10],[275,5],[280,2],[285,8],[290,6],[295,4],[300,2],[305,5],[310,6],[315,5],[320,6],[325,4],[330,7],[335,7],[340,3],[345,4],[350,1],[355,3],[360,2],[365,3],[370,5],[375,4],[380,3],[385,2],[390,1],[395,2],[400,1],[405,1],[410,3],[415,3],[435,3],[440,3],[445,1],[450,4],[455,2],[460,1],[465,1],[485,1],[490,2],[495,6],[500,1],[510,1],[515,1],[545,2],[550,1],[555,2],[560,1],[565,1],[570,1],[575,1],[585,1],[600,2],[605,1],[610,1],[625,2],[635,1],[640,3],[650,1],[665,1],[675,1],[695,1],[705,1],[720,1],[760,1],[770,1],[780,1],[800,2],[815,1],[835,1],[840,1],[1010,1],[1075,1],[1110,1],[1150,1],[1165,1],[1425,1],[1510,1]]",459520.7509,6120
Mariposa County,California,37.8605368,37.2166859,-119.3451229,-120.3723516,37.53714853,-119.9525748,1241,59,1.880317438,22.43346008,228,2157,785,1101,2332,47,6603,11.75,1650.75,66415.07093,760686.7567,247898.7211,363325.6907,811048.0779,15312.47607,2249374.317,"[[0,14],[5,13],[10,5],[15,6],[20,4],[25,7],[30,2],[35,2],[50,1],[75,2],[80,1],[300,1],[325,1]]",613.2492215,0
Mendocino County,California,39.9997334,38.7630233,-122.8850062,-123.9303386,39.30864629,-123.4004148,1197.65,7915,30.95238095,79.69190495,36807,123741,90274,102483,370086,46,723391,11.5,180847.75,1.14E+07,4.62E+07,3.00E+07,3.49E+07,1.31E+08,15973.22532,2.54E+08,"[[0,1250],[5,2086],[10,1714],[15,1014],[20,544],[25,303],[30,161],[35,133],[40,84],[45,68],[50,56],[55,54],[60,44],[65,34],[70,28],[75,21],[80,22],[85,25],[90,19],[95,12],[100,10],[105,10],[110,11],[115,5],[120,13],[125,13],[130,9],[135,7],[140,8],[145,5],[150,6],[155,5],[160,8],[165,7],[170,3],[175,3],[180,5],[185,9],[190,4],[195,7],[200,4],[205,3],[210,4],[215,4],[220,2],[225,2],[230,2],[235,2],[240,2],[245,2],[250,1],[255,3],[260,2],[270,1],[275,1],[280,1],[285,1],[290,1],[295,2],[300,3],[305,4],[315,3],[320,1],[325,1],[330,2],[335,1],[340,1],[345,2],[350,1],[370,1],[390,1],[395,1],[405,1],[430,1],[435,1],[450,2],[500,1],[510,1],[520,1],[545,1],[555,1],[590,1],[605,1],[640,2],[650,2],[660,1],[665,1],[685,1],[690,1],[765,1],[790,1],[840,1],[865,1],[915,1],[975,1],[1000,1],[1160,1],[1230,1],[1275,1],[1410,1],[1415,1],[2480,1]]",69234.58597,45
Merced County,California,37.621808,36.8088062,-120.083787,-121.2169584,37.27956029,-120.6429333,1235.05,54593,59.22598905,94.52351271,458814,929118,754713,904568,1231187,53,4278400,13.25,1069600,1.48E+08,3.67E+08,2.68E+08,3.18E+08,4.59E+08,19237.88907,1.56E+09,"[[0,5124],[5,12390],[10,13650],[15,10389],[20,5766],[25,2601],[30,1322],[35,739],[40,477],[45,277],[50,204],[55,181],[60,133],[65,102],[70,84],[75,85],[80,74],[85,61],[90,55],[95,45],[100,55],[105,46],[110,38],[115,32],[120,34],[125,34],[130,31],[135,30],[140,19],[145,22],[150,18],[155,19],[160,12],[165,8],[170,20],[175,13],[180,21],[185,26],[190,13],[195,14],[200,15],[205,16],[210,10],[215,15],[220,8],[225,10],[230,10],[235,5],[240,8],[245,4],[250,8],[255,2],[260,7],[265,6],[270,3],[275,2],[280,3],[285,7],[290,5],[295,4],[300,3],[305,3],[310,5],[315,2],[320,4],[325,4],[330,3],[340,4],[345,3],[350,3],[355,3],[360,3],[365,2],[370,2],[375,4],[380,1],[385,5],[390,4],[395,3],[400,2],[405,2],[410,1],[415,3],[420,1],[425,4],[430,2],[435,2],[440,1],[445,2],[450,1],[465,2],[475,5],[485,1],[490,1],[495,1],[505,2],[510,1],[515,1],[525,2],[530,1],[555,2],[565,1],[575,1],[580,1],[585,1],[590,2],[600,1],[610,2],[615,2],[620,2],[630,2],[645,1],[655,1],[665,1],[700,1],[715,3],[735,1],[745,1],[750,1],[755,3],[760,1],[765,1],[775,1],[795,1],[825,2],[860,1],[930,1],[935,1],[940,1],[960,1],[965,1],[980,1],[1005,1],[1025,1],[1040,1],[1055,1],[1060,2],[1085,1],[1110,1],[1120,1],[1125,1],[1135,2],[1165,1],[1225,1],[1255,1],[1315,1],[1360,2],[1370,1],[1380,1],[1395,1],[1410,1],[1420,1],[1450,1],[1595,1],[1630,1],[1695,1],[1935,1],[1990,1],[2115,1],[2150,1],[2160,1],[2280,1],[2305,1],[2385,1],[3540,1],[3610,1],[3960,1],[4620,1]]",424966.5834,740
Monterey County,California,36.9130081,35.7909055,-120.2582478,-121.9740551,36.59801014,-121.6725358,1228.25,76064,66.13743241,88.08495362,319954,1237099,955407,1045271,2276352,49,5834083,12.25,1458520.75,1.01E+08,4.68E+08,3.27E+08,3.61E+08,8.12E+08,17491.61979,2.07E+09,"[[0,9904],[5,19105],[10,17566],[15,12738],[20,6810],[25,2947],[30,1649],[35,1026],[40,638],[45,451],[50,311],[55,278],[60,238],[65,232],[70,158],[75,151],[80,118],[85,126],[90,103],[95,89],[100,72],[105,71],[110,62],[115,61],[120,63],[125,56],[130,54],[135,42],[140,48],[145,32],[150,45],[155,41],[160,28],[165,34],[170,32],[175,30],[180,22],[185,31],[190,31],[195,28],[200,20],[205,15],[210,12],[215,22],[220,20],[225,15],[230,10],[235,14],[240,14],[245,10],[250,21],[255,7],[260,9],[265,9],[270,15],[275,15],[280,13],[285,4],[290,11],[295,3],[300,12],[305,5],[310,6],[315,6],[320,8],[325,6],[330,2],[335,4],[340,10],[345,3],[350,4],[355,6],[360,3],[365,4],[370,5],[375,5],[380,2],[385,3],[390,3],[395,3],[400,2],[405,3],[410,5],[415,1],[420,4],[425,4],[430,1],[435,3],[440,2],[445,7],[450,5],[455,4],[460,5],[465,3],[470,6],[475,1],[480,6],[485,4],[490,5],[495,1],[500,1],[505,2],[510,1],[515,2],[520,4],[525,1],[530,1],[535,1],[540,3],[545,3],[550,1],[555,2],[560,3],[570,3],[575,1],[580,2],[585,2],[595,1],[600,1],[620,2],[630,1],[635,1],[645,1],[660,1],[665,1],[680,1],[690,2],[695,1],[700,1],[705,1],[715,2],[730,2],[740,2],[750,1],[755,1],[775,3],[780,2],[785,1],[790,2],[800,1],[805,1],[810,1],[820,1],[825,1],[860,1],[865,1],[885,2],[910,1],[945,1],[980,1],[1005,1],[1010,1],[1065,1],[1070,1],[1075,1],[1080,1],[1095,1],[1125,1],[1155,1],[1160,1],[1165,1],[1205,1],[1210,1],[1225,1],[1240,1],[1250,1],[1315,1],[1325,1],[1360,1],[1430,1],[1435,1],[1450,1],[1515,1],[1520,1],[1545,1],[1580,1],[1610,1],[1620,1],[1655,1],[1680,1],[1690,1],[1725,1],[1745,1],[1830,1],[2135,1],[2345,1]]",563974.9212,658
Napa County,California,38.8364939,38.1550046,-122.0935308,-122.6430003,38.34944709,-122.33273,1201.9,42735,83.66024367,88.27721545,308221,765221,567863,677915,1497099,54,3816319,13.5,954079.75,9.62E+07,2.87E+08,1.88E+08,2.39E+08,5.40E+08,18983.82446,1.35E+09,"[[0,5037],[5,9512],[10,9352],[15,8294],[20,4616],[25,2148],[30,1044],[35,504],[40,305],[45,224],[50,156],[55,136],[60,106],[65,81],[70,89],[75,77],[80,65],[85,54],[90,42],[95,38],[100,28],[105,29],[110,32],[115,26],[120,27],[125,34],[130,21],[135,28],[140,21],[145,10],[150,15],[155,27],[160,15],[165,15],[170,20],[175,15],[180,16],[185,14],[190,12],[195,17],[200,8],[205,18],[210,12],[215,7],[220,7],[225,7],[230,15],[235,9],[240,10],[245,13],[250,7],[255,3],[260,4],[265,7],[270,11],[275,6],[280,6],[285,5],[290,8],[295,9],[300,7],[305,5],[310,4],[315,7],[320,7],[325,3],[330,7],[335,2],[340,2],[345,5],[355,3],[360,4],[365,6],[370,1],[375,1],[380,1],[385,8],[390,4],[395,5],[400,2],[405,4],[410,2],[415,2],[420,1],[425,2],[430,3],[440,1],[445,3],[450,5],[460,2],[465,1],[470,3],[475,7],[480,2],[485,2],[495,3],[505,1],[510,1],[515,4],[530,1],[535,2],[540,2],[545,2],[550,1],[555,1],[560,1],[565,2],[570,1],[580,3],[585,1],[590,1],[595,2],[610,1],[615,2],[620,1],[640,2],[645,2],[650,1],[655,1],[660,1],[665,1],[685,3],[700,3],[705,1],[710,1],[715,2],[720,2],[725,1],[730,1],[745,2],[760,1],[765,1],[790,1],[795,1],[800,1],[805,1],[815,1],[835,1],[840,1],[855,1],[860,1],[880,1],[890,1],[910,1],[915,1],[925,1],[970,1],[975,1],[980,1],[1040,1],[1065,1],[1070,1],[1095,2],[1155,1],[1175,2],[1195,1],[1200,1],[1205,1],[1210,1],[1265,1],[1270,3],[1275,1],[1285,1],[1290,1],[1315,1],[1320,1],[1370,1],[1395,2],[1455,1],[1490,1],[1495,1],[1510,3],[1530,2],[1535,1],[1555,1],[1715,1],[1720,1],[1860,1],[1865,1],[1915,1],[1935,1],[2010,1],[2020,1],[2105,1],[2115,1],[2215,2],[2440,1],[2450,1],[2475,1],[2630,1],[2690,1],[2725,1],[2740,1],[2825,1],[2840,1],[2890,1],[2915,1],[3185,1],[3490,1],[4250,1],[4760,1]]",368104.1375,2011
Nevada County,California,39.4932137,39.006683,-120.0135913,-121.2795239,39.23062763,-120.8687899,1261.4,10480,37.40033906,47.03347994,16623,192373,102072,107026,294294,33,712388,8.25,178097,5341007.202,7.11E+07,3.51E+07,3.69E+07,1.07E+08,11568.19142,2.55E+08,"[[0,2827],[5,3271],[10,1857],[15,943],[20,436],[25,207],[30,146],[35,101],[40,85],[45,59],[50,57],[55,59],[60,42],[65,36],[70,20],[75,21],[80,17],[85,20],[90,19],[95,17],[100,23],[105,10],[110,17],[115,9],[120,9],[125,6],[130,11],[135,1],[140,8],[145,3],[150,10],[155,8],[160,6],[165,5],[170,7],[175,2],[180,5],[185,8],[190,3],[195,4],[200,2],[205,3],[210,4],[215,2],[220,4],[225,2],[230,2],[235,2],[240,4],[245,1],[250,2],[255,2],[260,2],[265,2],[270,1],[275,1],[280,1],[285,1],[290,1],[300,2],[305,1],[310,1],[315,1],[320,2],[325,1],[330,2],[335,5],[340,1],[345,1],[350,1],[375,1],[385,1],[390,1],[395,1],[410,1],[415,1],[435,1],[440,1],[465,1],[470,1],[475,1],[480,1],[485,1],[525,1],[565,1],[580,1],[630,1],[635,1],[680,1],[710,1],[725,1],[970,1],[975,1],[980,1],[995,1],[1060,1],[1565,1],[1740,1]]",78905.16618,228
Orange County,California,33.9473763,33.3891341,-117.4144543,-118.1145767,33.72552821,-117.8545758,1251.2,741970,99.28404303,96.17999609,6043485,1.35E+07,9242235,1.19E+07,2.35E+07,58,6.43E+07,14.5,1.61E+07,1.96E+09,5.34E+09,3.27E+09,4.31E+09,8.82E+09,21436.09376,2.37E+10,"[[0,54631],[5,144661],[10,180783],[15,155229],[20,88917],[25,40119],[30,19678],[35,11736],[40,7784],[45,5335],[50,3917],[55,2907],[60,2420],[65,2001],[70,1718],[75,1531],[80,1279],[85,1083],[90,1002],[95,861],[100,779],[105,732],[110,659],[115,617],[120,576],[125,542],[130,469],[135,478],[140,386],[145,425],[150,435],[155,391],[160,366],[165,318],[170,267],[175,275],[180,265],[185,253],[190,230],[195,217],[200,184],[205,188],[210,178],[215,175],[220,145],[225,150],[230,136],[235,116],[240,143],[245,132],[250,111],[255,129],[260,96],[265,111],[270,100],[275,93],[280,79],[285,80],[290,83],[295,97],[300,74],[305,79],[310,72],[315,59],[320,71],[325,66],[330,54],[335,76],[340,64],[345,52],[350,61],[355,51],[360,52],[365,41],[370,45],[375,42],[380,39],[385,40],[390,47],[395,41],[400,37],[405,42],[410,34],[415,27],[420,34],[425,36],[430,35],[435,37],[440,27],[445,25],[450,31],[455,21],[460,42],[465,28],[470,20],[475,34],[480,28],[485,24],[490,17],[495,27],[500,19],[505,18],[510,16],[515,17],[520,18],[525,18],[530,19],[535,21],[540,15],[545,16],[550,18],[555,9],[560,23],[565,16],[570,20],[575,10],[580,16],[585,17],[590,18],[595,14],[600,10],[605,18],[610,19],[615,9],[620,23],[625,11],[630,13],[635,16],[640,13],[645,9],[650,11],[655,7],[660,13],[665,17],[670,8],[675,10],[680,9],[685,11],[690,13],[695,9],[700,11],[705,6],[710,12],[715,13],[720,6],[725,10],[730,8],[735,5],[740,10],[745,9],[750,9],[755,6],[760,8],[765,8],[770,5],[775,5],[780,3],[785,11],[790,11],[795,10],[800,6],[805,5],[810,6],[815,6],[820,5],[825,7],[830,8],[835,10],[840,6],[845,6],[850,6],[855,10],[860,6],[865,4],[870,5],[875,2],[880,3],[885,6],[890,11],[895,3],[900,7],[905,6],[910,6],[915,3],[920,1],[925,3],[930,1],[935,3],[940,4],[945,4],[950,7],[955,3],[960,6],[965,7],[970,6],[975,4],[980,7],[985,2],[990,6],[995,2],[1000,3],[1005,2],[1010,1],[1015,3],[1020,6],[1025,5],[1030,6],[1035,1],[1040,4],[1045,5],[1050,5],[1055,5],[1060,5],[1065,6],[1070,1],[1075,3],[1085,2],[1090,2],[1095,4],[1100,1],[1105,4],[1110,5],[1115,3],[1120,4],[1125,5],[1130,6],[1135,1],[1140,6],[1145,2],[1150,3],[1155,3],[1160,4],[1165,2],[1170,4],[1175,5],[1180,3],[1185,4],[1190,3],[1195,5],[1200,3],[1205,5],[1210,6],[1215,3],[1220,2],[1225,3],[1230,4],[1235,4],[1240,4],[1245,2],[1250,4],[1255,2],[1260,1],[1265,4],[1270,3],[1275,2],[1280,6],[1285,3],[1290,3],[1295,4],[1300,3],[1305,6],[1310,1],[1315,8],[1320,1],[1325,1],[1335,2],[1340,3],[1345,5],[1350,4],[1355,3],[1360,3],[1365,3],[1370,3],[1375,1],[1385,2],[1395,4],[1400,4],[1405,2],[1410,1],[1415,2],[1420,1],[1425,2],[1435,1],[1440,3],[1445,1],[1450,3],[1455,2],[1460,2],[1465,2],[1470,2],[1475,3],[1480,1],[1490,2],[1500,3],[1505,2],[1520,2],[1535,1],[1540,2],[1545,2],[1550,2],[1555,1],[1560,2],[1565,1],[1570,1],[1575,1],[1585,1],[1595,2],[1600,1],[1610,1],[1615,2],[1620,1],[1630,2],[1635,1],[1640,3],[1645,1],[1650,1],[1655,1],[1660,1],[1665,3],[1670,1],[1685,1],[1690,4],[1710,2],[1715,2],[1725,1],[1740,1],[1745,3],[1750,2],[1760,1],[1775,1],[1785,1],[1805,2],[1810,1],[1815,2],[1820,2],[1835,1],[1840,1],[1850,5],[1875,2],[1885,3],[1895,1],[1915,1],[1925,1],[1935,1],[1940,1],[1945,2],[1950,2],[1955,1],[1960,1],[1965,1],[2020,5],[2025,1],[2040,1],[2050,1],[2055,1],[2065,1],[2095,1],[2105,1],[2125,2],[2130,2],[2155,1],[2195,1],[2200,1],[2220,1],[2230,1],[2260,1],[2275,2],[2280,3],[2290,1],[2315,1],[2325,1],[2345,1],[2350,1],[2385,1],[2390,1],[2415,1],[2420,1],[2430,1],[2470,1],[2475,1],[2495,1],[2500,1],[2510,1],[2515,3],[2535,1],[2550,2],[2555,1],[2585,1],[2600,1],[2605,1],[2640,1],[2665,1],[2720,1],[2730,1],[2750,1],[2775,1],[2780,1],[2830,1],[2845,1],[2890,1],[2925,1],[2930,1],[2945,1],[3000,1],[3020,1],[3040,1],[3045,1],[3050,1],[3065,1],[3070,1],[3115,1],[3225,1],[3310,1],[3340,1],[3570,1],[3665,1],[3740,1],[3770,1],[4060,1],[4120,2],[4265,1],[4305,1],[4400,1],[4470,1],[4845,1],[4950,1]]",6461107.101,34516
Placer County,California,39.3162845,38.713556,-120.0057775,-121.4841564,38.87672461,-121.11356,1203.6,111808,73.69680189,92.1200936,615434,2444198,1817774,2097035,1951736,59,8926177,14.75,2231544.25,1.90E+08,9.28E+08,6.17E+08,7.15E+08,7.03E+08,20879.43196,3.15E+09,"[[0,8457],[5,21113],[10,26716],[15,22450],[20,14248],[25,8818],[30,3794],[35,1664],[40,858],[45,539],[50,390],[55,278],[60,236],[65,191],[70,170],[75,140],[80,134],[85,120],[90,91],[95,92],[100,73],[105,70],[110,51],[115,53],[120,45],[125,47],[130,47],[135,46],[140,31],[145,41],[150,26],[155,34],[160,35],[165,26],[170,27],[175,32],[180,17],[185,24],[190,22],[195,18],[200,13],[205,21],[210,12],[215,23],[220,18],[225,13],[230,17],[235,9],[240,10],[245,7],[250,11],[255,11],[260,12],[265,7],[270,8],[275,10],[280,10],[285,6],[290,5],[295,6],[300,11],[305,6],[310,8],[315,5],[320,10],[325,3],[330,4],[335,4],[340,1],[345,6],[350,7],[355,4],[360,4],[365,1],[370,1],[375,7],[380,6],[385,3],[390,3],[395,6],[400,2],[405,4],[410,4],[415,3],[420,2],[430,3],[435,3],[440,1],[445,2],[450,2],[455,2],[460,3],[465,1],[470,1],[475,1],[485,4],[490,3],[495,3],[500,1],[505,4],[510,5],[515,3],[520,3],[525,2],[530,4],[535,1],[550,3],[555,1],[560,3],[575,2],[580,1],[585,2],[590,3],[595,3],[600,3],[610,1],[620,2],[625,1],[630,1],[635,1],[640,4],[645,1],[650,2],[655,1],[665,1],[675,1],[680,1],[690,3],[695,3],[700,1],[710,1],[715,1],[720,2],[730,2],[740,1],[750,1],[765,1],[770,1],[775,1],[780,2],[790,1],[805,1],[810,1],[815,1],[835,1],[860,4],[875,1],[885,1],[895,1],[905,1],[930,1],[935,1],[940,2],[950,1],[955,1],[965,3],[970,1],[975,1],[980,1],[995,1],[1005,1],[1010,2],[1015,1],[1020,1],[1045,2],[1050,1],[1055,2],[1060,1],[1090,1],[1100,2],[1125,1],[1130,1],[1140,1],[1195,1],[1225,1],[1250,1],[1275,1],[1295,1],[1305,1],[1315,1],[1325,1],[1330,1],[1355,1],[1380,1],[1420,1],[1500,1],[1530,1],[1550,1],[1555,2],[1565,1],[1600,1],[1610,2],[1645,1],[1690,1],[1720,1],[1790,1],[1800,1],[1815,1],[1835,1],[1840,1],[1890,1],[1945,1],[1970,1],[2020,1],[2105,1],[2165,1],[2235,1],[2240,1],[2310,1],[2320,1],[2515,1],[2890,1],[2955,1],[3035,1],[3160,1],[3210,1],[4025,1],[4410,1]]",859984.8722,9141
Riverside County,California,34.072102,33.4274449,-114.4693861,-117.6689056,33.79100317,-117.0112942,1361.7,665410,91.66941047,95.60035228,2337342,1.26E+07,8364877,1.05E+07,1.70E+07,55,5.09E+07,13.75,1.27E+07,8.14E+08,5.31E+09,3.17E+09,4.00E+09,6.70E+09,21716.47402,2.00E+10,"[[0,46594],[5,143629],[10,179445],[15,132665],[20,71747],[25,35619],[30,17700],[35,9595],[40,5526],[45,3508],[50,2554],[55,1892],[60,1535],[65,1383],[70,1130],[75,972],[80,819],[85,727],[90,602],[95,541],[100,466],[105,375],[110,348],[115,300],[120,296],[125,262],[130,252],[135,228],[140,208],[145,197],[150,164],[155,144],[160,145],[165,155],[170,120],[175,138],[180,95],[185,109],[190,121],[195,90],[200,88],[205,97],[210,80],[215,78],[220,81],[225,73],[230,57],[235,57],[240,61],[245,58],[250,57],[255,53],[260,48],[265,59],[270,34],[275,42],[280,47],[285,35],[290,32],[295,39],[300,36],[305,28],[310,39],[315,37],[320,30],[325,31],[330,29],[335,29],[340,52],[345,30],[350,32],[355,22],[360,28],[365,24],[370,23],[375,21],[380,24],[385,24],[390,18],[395,22],[400,27],[405,16],[410,14],[415,22],[420,16],[425,13],[430,15],[435,15],[440,21],[445,14],[450,11],[455,10],[460,15],[465,19],[470,15],[475,15],[480,8],[485,10],[490,9],[495,19],[500,15],[505,13],[510,17],[515,18],[520,7],[525,12],[530,15],[535,5],[540,7],[545,9],[550,10],[555,9],[560,8],[565,8],[570,6],[575,7],[580,7],[585,10],[590,6],[595,12],[600,9],[605,13],[610,6],[615,6],[620,9],[625,7],[630,9],[635,3],[640,10],[645,6],[650,5],[655,13],[660,9],[665,6],[670,12],[675,5],[680,3],[685,4],[690,4],[695,5],[700,8],[705,7],[710,3],[715,6],[720,6],[725,5],[730,5],[735,5],[740,8],[745,9],[750,3],[755,7],[760,4],[765,3],[770,4],[775,5],[780,6],[785,4],[790,5],[795,4],[800,3],[805,5],[810,3],[815,4],[820,4],[830,7],[840,3],[845,6],[850,5],[855,3],[865,4],[870,2],[875,2],[880,6],[885,2],[890,3],[895,7],[900,4],[905,9],[910,4],[915,3],[920,5],[925,1],[930,4],[935,3],[940,4],[945,3],[950,6],[955,3],[960,1],[965,3],[970,2],[975,3],[980,3],[985,3],[995,3],[1000,3],[1005,3],[1020,1],[1030,1],[1035,2],[1040,1],[1045,2],[1050,3],[1055,2],[1060,4],[1065,1],[1075,3],[1080,3],[1085,2],[1090,2],[1095,2],[1100,3],[1105,3],[1110,2],[1115,4],[1120,2],[1125,2],[1130,3],[1135,2],[1140,5],[1145,3],[1150,1],[1155,1],[1160,1],[1165,1],[1170,1],[1175,1],[1180,1],[1185,2],[1195,1],[1200,5],[1205,2],[1210,2],[1215,3],[1220,2],[1225,2],[1230,4],[1235,6],[1240,1],[1245,3],[1250,1],[1255,1],[1260,3],[1265,1],[1270,3],[1275,1],[1285,3],[1290,3],[1300,1],[1305,6],[1310,1],[1315,1],[1320,1],[1325,1],[1330,1],[1335,1],[1345,1],[1355,1],[1360,1],[1365,4],[1370,3],[1375,3],[1380,2],[1390,1],[1395,4],[1405,2],[1410,1],[1415,2],[1420,1],[1430,1],[1435,1],[1440,3],[1445,1],[1450,3],[1455,1],[1460,1],[1465,2],[1470,1],[1475,3],[1480,1],[1485,1],[1495,5],[1500,2],[1505,1],[1510,2],[1515,4],[1520,2],[1540,2],[1550,1],[1580,2],[1585,1],[1590,1],[1595,2],[1610,2],[1615,1],[1620,1],[1625,1],[1630,1],[1640,1],[1645,1],[1655,3],[1660,2],[1675,1],[1685,1],[1690,3],[1695,1],[1710,1],[1715,1],[1725,1],[1730,1],[1740,2],[1745,1],[1755,2],[1765,1],[1770,2],[1775,2],[1780,1],[1785,1],[1790,2],[1805,2],[1815,3],[1820,1],[1830,1],[1850,1],[1880,1],[1885,2],[1890,2],[1910,1],[1920,1],[1925,1],[1930,1],[1935,3],[1940,1],[1945,1],[1950,1],[1955,1],[1965,1],[1970,2],[1975,1],[1995,1],[2000,1],[2055,1],[2060,3],[2070,1],[2080,1],[2115,1],[2120,1],[2135,1],[2140,1],[2145,2],[2160,1],[2170,1],[2205,2],[2220,1],[2235,1],[2275,1],[2290,2],[2305,1],[2335,1],[2340,1],[2360,1],[2365,1],[2370,1],[2375,2],[2385,1],[2395,1],[2415,1],[2420,2],[2430,1],[2440,1],[2450,1],[2475,1],[2505,1],[2510,1],[2525,1],[2605,1],[2615,1],[2670,1],[2675,1],[2680,2],[2705,1],[2710,1],[2740,1],[2745,3],[2755,1],[2765,1],[2770,1],[2830,1],[2855,1],[2860,1],[2865,1],[2925,1],[2930,1],[2945,1],[2955,1],[2975,1],[3060,2],[3065,1],[3110,1],[3170,1],[3210,1],[3220,1],[3355,1],[3550,1],[3635,1],[3760,1],[3790,2],[3805,1],[3970,1],[3980,1],[4115,1],[4250,1],[4355,1],[4610,1],[4745,1],[4770,1],[4805,1],[4850,1],[5420,1],[5470,1],[5485,1],[5510,1],[5765,1],[5810,1],[5880,1],[6010,1]]",6064919.911,24765
Sacramento County,California,38.7350306,38.0226539,-121.0273955,-121.7873681,38.56406808,-121.3752398,1209.55,410990,92.19534336,92.81260656,2099208,7654156,5336682,6394507,9674836,52,3.12E+07,13,7789847.25,6.51E+08,2.88E+09,1.80E+09,2.18E+09,3.48E+09,18225.97071,1.10E+10,"[[0,39224],[5,97953],[10,110563],[15,79891],[20,40023],[25,16184],[30,6874],[35,3768],[40,2289],[45,1566],[50,1307],[55,984],[60,814],[65,702],[70,570],[75,545],[80,495],[85,407],[90,371],[95,330],[100,276],[105,292],[110,262],[115,244],[120,219],[125,194],[130,170],[135,171],[140,153],[145,141],[150,148],[155,136],[160,126],[165,110],[170,118],[175,126],[180,81],[185,99],[190,85],[195,85],[200,81],[205,69],[210,82],[215,73],[220,74],[225,70],[230,58],[235,60],[240,61],[245,50],[250,58],[255,58],[260,61],[265,48],[270,47],[275,60],[280,37],[285,35],[290,35],[295,39],[300,38],[305,35],[310,37],[315,37],[320,38],[325,32],[330,32],[335,29],[340,37],[345,36],[350,26],[355,31],[360,20],[365,29],[370,31],[375,20],[380,30],[385,19],[390,27],[395,21],[400,17],[405,17],[410,10],[415,11],[420,21],[425,13],[430,18],[435,17],[440,22],[445,17],[450,24],[455,22],[460,13],[465,13],[470,14],[475,14],[480,20],[485,12],[490,18],[495,10],[500,11],[505,15],[510,11],[515,11],[520,8],[525,7],[530,17],[535,7],[540,8],[545,7],[550,10],[555,7],[560,5],[565,6],[570,11],[575,6],[580,7],[585,6],[590,8],[595,8],[600,2],[605,13],[610,6],[615,8],[620,6],[625,8],[630,5],[635,5],[640,1],[645,5],[650,8],[655,5],[660,6],[665,6],[670,9],[675,5],[680,3],[685,3],[690,4],[695,9],[700,6],[705,4],[710,7],[715,5],[720,4],[725,6],[730,9],[735,2],[740,8],[745,4],[750,2],[755,3],[760,3],[765,6],[770,1],[775,7],[780,7],[785,4],[790,4],[795,2],[800,4],[805,3],[810,5],[815,5],[820,5],[825,4],[830,4],[835,3],[840,4],[845,4],[850,7],[860,3],[865,10],[870,2],[875,5],[880,2],[885,8],[890,4],[895,6],[900,4],[905,3],[910,6],[915,4],[920,4],[925,3],[930,2],[940,3],[945,2],[950,1],[955,5],[960,2],[965,5],[970,6],[975,4],[980,3],[985,4],[990,2],[995,3],[1000,1],[1005,5],[1010,2],[1015,5],[1020,3],[1025,1],[1035,2],[1040,4],[1045,3],[1050,2],[1070,1],[1075,2],[1080,4],[1085,2],[1090,1],[1100,3],[1105,3],[1110,2],[1115,1],[1120,2],[1125,1],[1130,3],[1140,2],[1145,1],[1150,1],[1155,2],[1160,1],[1165,2],[1175,2],[1180,2],[1185,4],[1190,1],[1195,2],[1200,1],[1210,4],[1215,1],[1220,1],[1225,5],[1230,2],[1235,1],[1240,1],[1245,4],[1250,3],[1255,1],[1260,4],[1265,1],[1270,3],[1275,1],[1280,5],[1285,3],[1290,2],[1295,1],[1300,1],[1305,2],[1310,3],[1315,1],[1325,2],[1335,1],[1340,1],[1345,2],[1350,2],[1355,1],[1360,2],[1365,1],[1370,2],[1375,1],[1385,1],[1400,1],[1405,3],[1410,2],[1415,1],[1420,1],[1425,1],[1435,1],[1440,3],[1445,1],[1450,1],[1455,2],[1460,2],[1465,1],[1470,1],[1475,1],[1480,1],[1485,2],[1495,1],[1500,1],[1505,2],[1515,1],[1520,3],[1525,2],[1530,2],[1535,1],[1540,1],[1545,2],[1550,2],[1555,3],[1560,1],[1570,1],[1590,3],[1600,2],[1605,1],[1615,1],[1630,1],[1635,1],[1670,1],[1680,3],[1685,1],[1690,1],[1710,1],[1720,1],[1725,2],[1735,1],[1745,1],[1760,1],[1765,1],[1770,1],[1780,1],[1795,1],[1800,3],[1805,1],[1810,1],[1845,1],[1860,1],[1865,1],[1875,1],[1890,1],[1905,2],[1920,2],[1945,1],[1965,1],[1970,1],[1990,1],[2010,1],[2050,2],[2060,1],[2070,1],[2075,1],[2120,2],[2125,1],[2145,1],[2225,2],[2285,1],[2305,1],[2345,1],[2530,1],[2550,1],[2565,1],[2640,1],[2705,1],[2720,1],[2730,1],[2805,1],[2910,1],[2920,1],[2930,1],[3020,1],[3125,1],[3320,1],[3475,1],[3710,1],[3755,1],[4335,1],[4380,1],[4565,1],[5120,1],[7145,1]]",2996314.717,15520
San Benito County,California,36.982315,36.2028771,-120.6470657,-121.6432165,36.84111121,-121.4010996,1279.25,11969,56.01656057,95.12040054,74300,209885,147147,181805,431469,57,1044606,14.25,261151.5,2.47E+07,8.64E+07,5.26E+07,6.80E+07,1.65E+08,21688.41323,3.97E+08,"[[0,882],[5,2408],[10,3094],[15,2562],[20,1303],[25,598],[30,303],[35,156],[40,93],[45,74],[50,51],[55,36],[60,22],[65,26],[70,25],[75,20],[80,17],[85,17],[90,12],[95,11],[100,16],[105,13],[110,11],[115,5],[120,10],[125,9],[130,6],[135,11],[140,4],[145,8],[150,4],[155,7],[160,5],[165,8],[170,8],[175,7],[180,3],[185,3],[190,9],[195,7],[200,2],[205,5],[210,6],[215,3],[220,4],[235,1],[240,2],[245,2],[250,4],[255,4],[260,4],[265,2],[275,1],[280,1],[285,3],[290,1],[300,2],[310,1],[320,3],[325,2],[330,2],[335,2],[355,1],[360,3],[365,1],[370,1],[380,1],[385,2],[390,1],[405,1],[410,1],[415,2],[440,1],[445,1],[455,1],[470,1],[475,1],[500,1],[510,2],[515,1],[525,1],[540,1],[550,1],[555,1],[570,1],[610,2],[635,1],[685,1],[745,1],[795,1],[840,1],[865,1],[935,1],[965,1],[995,1],[1100,2],[1190,1],[1250,1],[1420,1],[1770,1],[2275,1],[2355,1],[3235,1]]",108134.519,115
San Bernardino County,California,35.8081131,33.8730937,-114.1324394,-117.7937042,34.20749732,-117.303776,1437.35,495347,85.46849145,88.30848166,635746,8801040,4232361,6569686,1.60E+07,41,3.62E+07,10.25,9056475.5,2.32E+08,3.75E+09,1.65E+09,2.53E+09,6.28E+09,16741.45619,1.44E+10,"[[0,70631],[5,159281],[10,128172],[15,65399],[20,29685],[25,13755],[30,6908],[35,3756],[40,2405],[45,1625],[50,1304],[55,1017],[60,878],[65,729],[70,689],[75,553],[80,459],[85,413],[90,387],[95,367],[100,328],[105,302],[110,247],[115,272],[120,249],[125,225],[130,181],[135,196],[140,178],[145,163],[150,146],[155,158],[160,141],[165,126],[170,98],[175,131],[180,117],[185,104],[190,96],[195,94],[200,95],[205,85],[210,57],[215,87],[220,63],[225,67],[230,64],[235,63],[240,47],[245,56],[250,61],[255,51],[260,48],[265,47],[270,38],[275,55],[280,43],[285,45],[290,38],[295,35],[300,43],[305,38],[310,30],[315,30],[320,30],[325,37],[330,20],[335,28],[340,28],[345,25],[350,28],[355,28],[360,27],[365,17],[370,12],[375,27],[380,24],[385,25],[390,19],[395,23],[400,17],[405,24],[410,24],[415,20],[420,21],[425,16],[430,17],[435,17],[440,9],[445,14],[450,7],[455,15],[460,19],[465,16],[470,12],[475,13],[480,17],[485,6],[490,16],[495,13],[500,12],[505,14],[510,11],[515,8],[520,8],[525,6],[530,10],[535,11],[540,14],[545,9],[550,6],[555,7],[560,8],[565,8],[570,16],[575,8],[580,16],[585,12],[590,16],[595,8],[600,12],[605,10],[610,6],[615,8],[620,7],[625,7],[630,8],[635,10],[640,7],[645,11],[650,10],[655,8],[660,8],[665,10],[670,9],[675,4],[680,8],[685,11],[690,5],[695,8],[700,12],[705,4],[710,9],[715,5],[720,9],[725,12],[730,8],[735,8],[740,8],[745,6],[750,6],[755,5],[760,6],[765,8],[770,4],[775,1],[780,8],[785,5],[790,4],[795,4],[800,4],[805,2],[810,7],[815,5],[820,6],[825,9],[830,9],[835,1],[840,7],[845,4],[850,6],[855,6],[860,4],[865,5],[870,3],[875,1],[880,2],[885,3],[890,4],[895,6],[900,3],[905,4],[910,5],[915,5],[920,6],[925,7],[930,5],[935,3],[940,7],[945,3],[950,6],[955,2],[965,1],[970,6],[975,3],[980,2],[985,6],[990,6],[995,3],[1000,8],[1005,5],[1010,6],[1015,5],[1020,1],[1025,6],[1030,3],[1035,6],[1040,1],[1045,5],[1050,3],[1055,3],[1060,1],[1065,7],[1070,3],[1075,6],[1080,5],[1090,5],[1095,3],[1100,3],[1105,1],[1110,5],[1115,3],[1120,3],[1125,3],[1130,5],[1135,3],[1140,1],[1150,1],[1155,5],[1160,3],[1165,7],[1170,3],[1175,7],[1180,5],[1185,3],[1190,3],[1195,8],[1200,5],[1205,3],[1210,3],[1215,5],[1220,3],[1225,1],[1230,2],[1235,1],[1240,2],[1245,3],[1250,2],[1255,4],[1260,4],[1265,3],[1270,2],[1275,1],[1280,8],[1285,2],[1290,4],[1295,2],[1300,10],[1305,1],[1310,2],[1315,2],[1320,6],[1325,2],[1330,3],[1335,5],[1340,1],[1345,2],[1350,1],[1355,3],[1360,1],[1365,2],[1370,2],[1375,2],[1380,1],[1385,3],[1390,1],[1395,1],[1400,2],[1405,2],[1410,2],[1415,5],[1420,3],[1425,2],[1430,1],[1435,2],[1440,3],[1445,1],[1450,4],[1460,4],[1465,2],[1470,3],[1475,2],[1485,3],[1490,2],[1495,4],[1500,3],[1505,4],[1510,1],[1515,1],[1520,4],[1525,1],[1530,1],[1535,4],[1550,2],[1555,1],[1560,1],[1565,1],[1570,3],[1580,3],[1585,1],[1595,2],[1600,2],[1605,1],[1615,4],[1620,1],[1625,1],[1630,2],[1635,2],[1640,2],[1645,2],[1650,3],[1655,2],[1660,3],[1665,1],[1675,2],[1680,2],[1690,4],[1695,4],[1700,2],[1705,3],[1710,1],[1715,2],[1720,3],[1725,2],[1730,3],[1735,1],[1740,1],[1745,3],[1750,1],[1755,2],[1760,1],[1770,3],[1780,3],[1790,1],[1795,1],[1805,2],[1815,3],[1820,1],[1825,2],[1830,2],[1835,2],[1840,1],[1845,2],[1850,2],[1855,2],[1860,3],[1870,5],[1875,2],[1880,2],[1885,1],[1890,1],[1895,3],[1905,1],[1910,1],[1915,1],[1920,1],[1925,1],[1930,1],[1935,1],[1945,1],[1950,1],[1955,3],[1960,2],[1965,1],[1970,1],[1975,2],[1980,1],[1985,2],[1990,2],[1995,2],[2000,1],[2005,3],[2010,1],[2015,2],[2020,1],[2030,1],[2035,1],[2040,2],[2075,3],[2105,2],[2110,1],[2120,1],[2135,1],[2140,1],[2145,1],[2155,1],[2160,2],[2165,2],[2170,1],[2180,3],[2185,2],[2195,1],[2200,1],[2205,1],[2210,1],[2215,1],[2220,1],[2225,2],[2230,3],[2265,1],[2270,2],[2290,1],[2300,1],[2305,1],[2310,2],[2315,1],[2325,1],[2330,2],[2340,2],[2345,1],[2350,1],[2355,2],[2360,1],[2365,2],[2370,2],[2375,1],[2385,1],[2405,1],[2410,1],[2415,1],[2420,1],[2425,2],[2430,1],[2435,3],[2440,1],[2445,1],[2460,1],[2465,1],[2470,1],[2480,2],[2490,3],[2505,2],[2515,1],[2525,1],[2530,1],[2540,1],[2545,3],[2555,1],[2580,1],[2600,1],[2605,1],[2610,1],[2615,2],[2620,1],[2625,3],[2635,1],[2640,1],[2660,3],[2675,1],[2685,1],[2695,2],[2715,1],[2730,2],[2740,1],[2745,1],[2785,1],[2800,1],[2805,1],[2835,1],[2840,1],[2845,1],[2870,2],[2875,1],[2880,1],[2910,1],[2915,1],[2955,1],[2960,1],[2975,1],[2980,1],[2990,1],[3000,2],[3005,1],[3010,1],[3015,1],[3020,1],[3025,1],[3030,1],[3055,1],[3070,1],[3075,1],[3130,1],[3140,1],[3150,1],[3220,1],[3225,1],[3230,1],[3265,1],[3270,1],[3290,1],[3295,1],[3345,1],[3395,1],[3400,1],[3410,1],[3460,2],[3480,1],[3495,1],[3515,1],[3525,1],[3585,2],[3590,1],[3595,1],[3600,1],[3605,1],[3715,1],[3760,1],[3765,1],[3780,1],[3800,1],[3810,1],[3815,1],[3820,1],[3875,1],[3900,1],[3905,1],[3910,1],[3945,1],[3970,1],[4000,1],[4020,1],[4060,1],[4095,1],[4105,1],[4115,1],[4205,1],[4325,1],[4380,1],[4385,1],[4440,1],[4450,1],[4460,1],[4550,1],[4640,1],[4730,1],[4755,1],[4895,1],[4980,1],[5025,1],[5090,1],[5210,1],[5305,1],[5325,1],[5390,1],[5405,1],[5410,1],[5500,1],[5745,1],[6380,1],[6425,1],[6580,1],[7090,1]]",3939260.454,18660
San Diego County,California,33.5008947,32.534985,-116.0848152,-117.5945458,32.90634832,-117.1054277,1294.55,726204,89.98758919,95.20515799,4686854,1.25E+07,9293318,1.12E+07,2.07E+07,55,5.83E+07,13.75,1.46E+07,1.57E+09,5.01E+09,3.34E+09,4.13E+09,7.84E+09,20587.80435,2.19E+10,"[[0,62659],[5,157547],[10,175491],[15,140260],[20,77863],[25,37732],[30,20550],[35,12419],[40,7645],[45,4985],[50,3703],[55,2891],[60,2323],[65,1838],[70,1565],[75,1339],[80,1093],[85,980],[90,863],[95,802],[100,711],[105,626],[110,544],[115,532],[120,477],[125,441],[130,394],[135,370],[140,324],[145,327],[150,353],[155,285],[160,264],[165,246],[170,219],[175,210],[180,227],[185,187],[190,184],[195,180],[200,171],[205,150],[210,149],[215,140],[220,143],[225,127],[230,118],[235,98],[240,106],[245,98],[250,96],[255,89],[260,106],[265,87],[270,87],[275,76],[280,73],[285,69],[290,57],[295,67],[300,61],[305,69],[310,51],[315,49],[320,70],[325,49],[330,40],[335,44],[340,49],[345,48],[350,38],[355,48],[360,44],[365,34],[370,38],[375,46],[380,44],[385,29],[390,22],[395,30],[400,35],[405,21],[410,38],[415,31],[420,17],[425,33],[430,27],[435,29],[440,32],[445,11],[450,18],[455,27],[460,15],[465,22],[470,17],[475,18],[480,26],[485,16],[490,23],[495,22],[500,15],[505,11],[510,24],[515,21],[520,14],[525,14],[530,15],[535,18],[540,10],[545,13],[550,15],[555,10],[560,17],[565,11],[570,9],[575,12],[580,11],[585,12],[590,12],[595,3],[600,8],[605,14],[610,18],[615,7],[620,12],[625,7],[630,13],[635,6],[640,12],[645,15],[650,10],[655,12],[660,6],[665,17],[670,5],[675,5],[680,9],[685,11],[690,6],[695,6],[700,7],[705,11],[710,5],[715,10],[720,8],[725,7],[730,7],[735,1],[740,4],[745,6],[750,6],[755,5],[760,7],[765,2],[770,8],[775,3],[780,6],[785,4],[790,7],[795,4],[800,7],[805,9],[810,4],[815,4],[820,8],[825,8],[830,1],[835,3],[840,7],[845,2],[850,4],[855,7],[860,7],[865,4],[870,7],[875,5],[880,1],[885,6],[890,3],[895,6],[900,2],[905,4],[910,3],[915,2],[920,5],[925,3],[930,4],[935,3],[940,2],[945,5],[950,4],[955,2],[960,3],[965,1],[970,3],[975,4],[980,8],[985,3],[990,4],[995,2],[1000,2],[1005,3],[1010,2],[1015,4],[1020,1],[1025,4],[1030,2],[1035,1],[1040,5],[1045,3],[1050,2],[1060,5],[1065,3],[1070,3],[1075,5],[1080,2],[1085,1],[1090,1],[1095,4],[1100,2],[1105,3],[1110,6],[1120,2],[1125,5],[1135,3],[1140,3],[1145,2],[1155,3],[1160,1],[1165,2],[1170,4],[1175,4],[1190,2],[1195,1],[1200,4],[1205,1],[1210,7],[1215,2],[1220,3],[1225,2],[1230,4],[1235,4],[1240,4],[1245,3],[1250,2],[1260,3],[1275,5],[1280,1],[1285,2],[1290,2],[1295,1],[1300,2],[1310,3],[1315,2],[1325,4],[1330,1],[1335,2],[1340,2],[1355,3],[1365,2],[1370,3],[1385,1],[1395,1],[1400,2],[1405,2],[1410,2],[1415,2],[1420,3],[1425,2],[1440,4],[1445,1],[1450,1],[1455,1],[1460,3],[1465,2],[1470,3],[1485,1],[1490,1],[1500,2],[1505,1],[1520,1],[1530,3],[1540,2],[1550,1],[1560,1],[1565,2],[1570,1],[1575,1],[1580,1],[1585,2],[1590,1],[1595,1],[1600,1],[1610,1],[1615,2],[1620,1],[1625,1],[1630,2],[1635,1],[1645,3],[1650,1],[1655,1],[1670,2],[1680,3],[1685,2],[1690,2],[1695,2],[1720,2],[1725,1],[1735,1],[1745,2],[1750,1],[1765,1],[1770,1],[1775,1],[1780,2],[1810,1],[1815,1],[1820,1],[1840,1],[1865,1],[1875,1],[1895,1],[1930,1],[1935,1],[1940,3],[1945,2],[1955,1],[1960,1],[1985,1],[2010,3],[2025,1],[2040,1],[2075,2],[2090,1],[2110,1],[2115,1],[2200,1],[2230,1],[2270,1],[2295,1],[2325,1],[2335,1],[2360,1],[2370,1],[2405,1],[2410,1],[2435,1],[2455,1],[2525,1],[2580,1],[2585,1],[2590,1],[2755,1],[2810,1],[2815,1],[2955,1],[2995,1],[3135,1],[3240,1],[3415,1],[3495,1],[3575,1],[4690,1]]",5968231.552,47474
San Francisco County,California,37.8633286,37.7082006,-122.3578218,-122.5140913,37.75289807,-122.4453031,1126.25,129075,98.76767248,84.09780952,192523,616704,385254,461223,4604215,24,6259919,6,1564979.75,5.71E+07,2.17E+08,1.21E+08,1.48E+08,1.54E+09,7758.377594,2.08E+09,"[[0,49103],[5,49653],[10,14882],[15,5119],[20,2261],[25,1414],[30,976],[35,742],[40,593],[45,461],[50,391],[55,327],[60,275],[65,243],[70,195],[75,187],[80,166],[85,142],[90,119],[95,91],[100,103],[105,99],[110,85],[115,61],[120,64],[125,64],[130,69],[135,57],[140,39],[145,43],[150,44],[155,38],[160,26],[165,33],[170,36],[175,44],[180,36],[185,28],[190,23],[195,27],[200,26],[205,25],[210,28],[215,12],[220,23],[225,12],[230,21],[235,20],[240,13],[245,18],[250,15],[255,17],[260,13],[265,14],[270,13],[275,16],[280,10],[285,11],[290,15],[295,8],[300,9],[305,12],[310,7],[315,11],[320,8],[325,10],[330,9],[335,4],[340,5],[345,3],[350,9],[355,5],[360,12],[365,9],[370,5],[375,4],[380,9],[385,5],[390,7],[395,3],[400,2],[405,10],[410,5],[415,3],[420,1],[425,6],[430,5],[435,3],[440,3],[445,6],[450,6],[455,7],[460,4],[465,8],[470,2],[475,2],[480,2],[485,2],[490,3],[495,1],[500,2],[505,1],[510,3],[515,4],[520,4],[525,4],[530,1],[535,3],[540,1],[545,3],[555,2],[560,3],[565,1],[570,3],[580,3],[585,2],[595,2],[600,1],[605,3],[615,1],[625,2],[630,2],[635,1],[640,4],[650,3],[655,3],[660,1],[665,3],[670,1],[675,1],[685,3],[690,1],[695,1],[700,1],[705,2],[715,1],[720,3],[735,2],[740,2],[745,3],[750,2],[755,1],[780,1],[785,1],[790,1],[800,2],[805,1],[810,2],[840,1],[855,1],[860,1],[875,1],[880,1],[885,1],[905,2],[910,1],[915,1],[935,1],[940,1],[945,2],[950,1],[955,2],[960,1],[975,1],[985,1],[1000,2],[1010,1],[1025,1],[1045,1],[1050,1],[1090,1],[1125,1],[1140,1],[1185,1],[1190,1],[1205,1],[1220,1],[1245,1],[1255,1],[1275,1],[1280,1],[1300,1],[1305,1],[1320,1],[1340,1],[1350,1],[1355,1],[1395,1],[1495,2],[1525,1],[1530,1],[1535,2],[1630,1],[1765,1],[1780,1],[1785,1],[1800,1],[1870,1],[2215,1],[2400,1],[2715,1],[2920,1],[3270,1]]",566629.0931,1178
San Joaquin County,California,38.2985574,37.5279937,-120.9232214,-121.5791643,37.93074423,-121.2885704,1224.85,162036,70.08461112,96.41269747,1221508,3209202,2409520,2734870,6354893,58,1.59E+07,14.5,3982498.25,3.87E+08,1.25E+09,8.28E+08,9.65E+08,2.35E+09,20808.06246,5.78E+09,"[[0,11315],[5,32985],[10,39610],[15,33104],[20,19819],[25,9661],[30,4515],[35,2330],[40,1287],[45,779],[50,601],[55,551],[60,426],[65,357],[70,309],[75,303],[80,231],[85,196],[90,200],[95,157],[100,157],[105,159],[110,112],[115,110],[120,118],[125,113],[130,87],[135,113],[140,77],[145,91],[150,73],[155,72],[160,61],[165,76],[170,65],[175,58],[180,45],[185,59],[190,50],[195,50],[200,55],[205,39],[210,43],[215,29],[220,38],[225,31],[230,36],[235,25],[240,34],[245,33],[250,26],[255,34],[260,36],[265,24],[270,19],[275,25],[280,12],[285,27],[290,18],[295,13],[300,17],[305,8],[310,20],[315,14],[320,16],[325,7],[330,10],[335,16],[340,20],[345,11],[350,13],[355,14],[360,4],[365,16],[370,9],[375,11],[380,6],[385,10],[390,20],[395,5],[400,10],[405,7],[410,7],[415,6],[420,11],[425,9],[430,7],[435,3],[440,12],[445,8],[450,4],[455,4],[460,8],[465,5],[470,10],[475,3],[480,9],[485,7],[490,5],[495,8],[500,6],[505,9],[510,6],[515,3],[520,5],[525,4],[530,4],[535,1],[540,2],[545,5],[550,3],[555,3],[560,4],[565,4],[570,1],[575,3],[580,4],[585,1],[590,7],[595,3],[600,6],[605,3],[610,5],[615,6],[620,5],[625,2],[630,4],[635,4],[640,2],[645,2],[650,1],[655,7],[665,3],[670,7],[675,2],[680,5],[685,5],[690,5],[700,2],[710,4],[720,6],[725,3],[730,2],[740,3],[745,3],[750,8],[755,4],[760,5],[765,3],[770,2],[775,3],[780,1],[785,1],[795,1],[800,1],[805,2],[810,4],[815,3],[820,3],[830,1],[835,2],[840,3],[845,2],[850,1],[860,2],[865,3],[870,1],[875,2],[880,1],[885,1],[890,1],[895,3],[900,1],[905,3],[915,1],[920,4],[925,2],[935,4],[940,1],[945,3],[950,1],[955,3],[960,1],[970,1],[980,1],[1000,2],[1005,1],[1010,1],[1015,1],[1020,5],[1030,1],[1035,1],[1040,1],[1045,1],[1050,1],[1060,1],[1065,1],[1075,1],[1080,2],[1085,1],[1095,1],[1110,5],[1115,3],[1120,1],[1125,3],[1140,3],[1150,1],[1155,2],[1160,1],[1165,2],[1170,1],[1185,1],[1190,2],[1195,4],[1205,2],[1225,2],[1230,4],[1235,1],[1250,1],[1255,1],[1265,1],[1270,2],[1275,1],[1280,2],[1285,1],[1290,2],[1295,1],[1300,2],[1315,1],[1320,1],[1325,1],[1335,2],[1340,1],[1345,1],[1365,2],[1370,1],[1375,2],[1380,1],[1385,1],[1400,1],[1415,1],[1420,1],[1425,2],[1430,2],[1435,2],[1440,1],[1455,3],[1475,2],[1480,1],[1495,1],[1500,1],[1505,1],[1520,1],[1530,2],[1535,2],[1540,2],[1545,1],[1555,1],[1590,4],[1595,1],[1600,2],[1610,2],[1615,1],[1620,2],[1625,1],[1630,2],[1635,2],[1645,3],[1650,1],[1660,1],[1665,1],[1670,1],[1675,3],[1685,1],[1690,5],[1695,1],[1700,1],[1705,2],[1710,6],[1715,2],[1720,1],[1730,1],[1735,3],[1740,1],[1745,1],[1755,5],[1760,2],[1765,2],[1770,1],[1775,1],[1820,1],[1830,1],[1840,1],[1845,2],[1880,1],[1890,2],[1910,1],[1930,1],[1945,1],[1955,1],[1975,1],[2010,1],[2035,1],[2040,1],[2045,1],[2050,1],[2065,1],[2115,1],[2135,1],[2145,1],[2160,1],[2185,1],[2190,1],[2195,1],[2215,1],[2220,1],[2235,2],[2240,1],[2260,1],[2295,1],[2315,1],[2330,1],[2335,1],[2340,1],[2370,1],[2410,2],[2465,1],[2480,1],[2485,1],[2545,1],[2560,1],[2565,2],[2620,1],[2640,1],[2700,1],[2720,1],[2750,2],[2760,1],[2795,1],[2820,1],[2860,1],[2870,2],[2955,1],[2970,1],[3015,3],[3040,1],[3060,1],[3095,1],[3160,2],[3170,1],[3240,1],[3245,1],[3250,1],[3295,1],[3300,1],[3325,1],[3330,1],[3335,1],[3355,1],[3445,1],[3450,2],[3475,1],[3535,1],[3580,1],[3605,1],[3670,1],[3675,1],[3735,1],[3815,1],[3850,1],[3905,1],[3935,1],[3945,1],[4010,1],[4165,1],[4210,1],[4420,1],[4440,1],[4555,1],[4590,1],[4725,1],[4970,1],[5190,1],[5280,1],[5315,1],[5330,1],[5335,1],[5355,1],[5465,1],[5495,1],[5515,1],[5575,1],[5695,1],[5760,1],[5780,1],[6035,1],[6085,1],[6180,1],[6225,1],[6485,1],[6865,1],[7230,1]]",1577072.32,3742
San Luis Obispo County,California,35.7938828,34.9040368,-119.4763147,-121.3429161,35.35851258,-120.6789716,1325.15,67609,58.27263267,87.48576605,269254,1167006,817819,1009971,1530700,50,4794750,12.5,1198687.5,9.17E+07,4.78E+08,2.99E+08,3.80E+08,5.92E+08,19205.01538,1.84E+09,"[[0,9393],[5,16551],[10,14900],[15,11189],[20,6472],[25,3302],[30,1675],[35,964],[40,595],[45,359],[50,286],[55,205],[60,187],[65,120],[70,113],[75,96],[80,76],[85,88],[90,69],[95,55],[100,64],[105,51],[110,61],[115,59],[120,45],[125,33],[130,28],[135,31],[140,30],[145,28],[150,27],[155,14],[160,11],[165,16],[170,17],[175,14],[180,12],[185,20],[190,15],[195,13],[200,16],[205,7],[210,11],[215,5],[220,12],[225,8],[230,18],[235,6],[240,13],[245,7],[250,5],[255,17],[260,5],[265,4],[270,10],[275,5],[280,8],[285,2],[290,4],[295,4],[300,4],[305,4],[310,7],[315,6],[320,2],[325,4],[330,4],[335,3],[340,2],[345,5],[350,2],[355,2],[360,3],[365,2],[370,2],[375,2],[380,2],[390,2],[395,3],[400,2],[405,3],[410,1],[415,3],[420,1],[425,2],[430,4],[435,1],[445,1],[460,2],[470,1],[475,2],[480,2],[485,2],[495,1],[500,2],[510,2],[515,1],[520,1],[525,3],[530,1],[545,1],[550,1],[555,2],[565,1],[570,1],[595,1],[605,1],[620,1],[630,1],[635,1],[660,1],[670,1],[675,1],[680,1],[685,2],[690,1],[700,1],[720,1],[765,2],[775,1],[780,1],[785,1],[810,1],[835,1],[840,1],[845,1],[860,1],[875,1],[905,1],[915,1],[940,1],[1005,2],[1035,1],[1055,1],[1065,2],[1070,1],[1080,1],[1175,2],[1185,1],[1200,1],[1240,1],[1245,1],[1350,1],[1365,1],[1510,1],[1690,1],[1715,2],[1820,1],[1875,1],[1920,1],[2120,1],[2405,1]]",502144.197,1283
San Mateo County,California,37.7083321,37.107813,-122.1216641,-122.519219,37.55383384,-122.339998,1216.35,178783,96.61426844,91.3299788,851426,2743575,1803724,2078481,5321316,41,1.28E+07,10.25,3199630.5,2.68E+08,1.00E+09,6.06E+08,7.13E+08,1.86E+09,14044.70336,4.45E+09,"[[0,26542],[5,58520],[10,40249],[15,22288],[20,11585],[25,5729],[30,3085],[35,1819],[40,1208],[45,877],[50,632],[55,558],[60,404],[65,384],[70,331],[75,256],[80,285],[85,216],[90,208],[95,180],[100,189],[105,162],[110,143],[115,144],[120,156],[125,132],[130,110],[135,132],[140,118],[145,87],[150,88],[155,89],[160,73],[165,62],[170,60],[175,74],[180,54],[185,65],[190,48],[195,50],[200,40],[205,42],[210,46],[215,44],[220,44],[225,39],[230,29],[235,40],[240,32],[245,21],[250,28],[255,38],[260,35],[265,21],[270,23],[275,35],[280,27],[285,17],[290,17],[295,18],[300,30],[305,12],[310,15],[315,19],[320,17],[325,14],[330,17],[335,16],[340,12],[345,17],[350,18],[355,10],[360,8],[365,13],[370,16],[375,12],[380,5],[385,9],[390,8],[395,6],[400,7],[405,13],[410,7],[415,8],[420,7],[425,9],[430,8],[435,12],[440,5],[445,10],[450,5],[455,5],[460,6],[465,5],[470,8],[475,7],[480,12],[485,14],[490,6],[495,7],[500,7],[505,5],[510,5],[515,6],[520,9],[525,3],[530,2],[535,9],[540,5],[545,5],[550,6],[555,3],[560,5],[565,1],[570,1],[575,3],[580,3],[585,4],[590,6],[595,3],[600,3],[605,5],[610,3],[615,2],[620,4],[625,5],[630,2],[635,3],[640,4],[645,3],[650,3],[660,3],[665,1],[675,3],[680,2],[685,1],[690,2],[695,4],[700,2],[710,2],[715,2],[725,2],[730,1],[735,3],[740,1],[745,2],[755,1],[760,2],[765,4],[770,3],[775,3],[780,1],[785,1],[790,3],[800,1],[805,2],[810,2],[815,3],[820,2],[825,1],[835,2],[840,2],[845,1],[850,3],[855,5],[860,1],[865,2],[870,1],[885,3],[895,2],[905,2],[910,3],[915,2],[925,2],[935,2],[945,1],[955,1],[965,2],[975,2],[980,1],[995,2],[1000,2],[1005,1],[1015,3],[1030,1],[1040,1],[1045,1],[1050,1],[1055,2],[1065,1],[1085,2],[1090,2],[1095,3],[1100,1],[1120,2],[1135,1],[1160,1],[1165,1],[1200,1],[1230,2],[1240,1],[1245,2],[1250,2],[1255,1],[1260,1],[1275,1],[1285,1],[1290,2],[1295,1],[1305,2],[1325,1],[1340,1],[1355,1],[1365,2],[1380,2],[1410,2],[1425,1],[1430,1],[1440,1],[1490,1],[1495,1],[1515,1],[1550,1],[1590,1],[1600,2],[1625,1],[1635,1],[1640,1],[1675,1],[1715,1],[1740,1],[1780,1],[1785,1],[1840,1],[1850,1],[1950,1],[1975,1],[2080,1],[2090,1],[2125,1],[2145,1],[2300,1],[2315,1],[2400,1],[2420,1],[2500,1],[2565,1],[2665,1],[2675,1],[3045,1],[3190,1],[3285,1],[3300,1]]",1214383.841,6672
Santa Barbara County,California,35.1121617,33.4803797,-119.0294618,-120.6301466,34.62897851,-120.066396,1317.5,88388,71.23082256,93.50358091,394680,1667676,1148400,1333942,2583629,54,7128327,13.5,1782081.75,1.33E+08,6.84E+08,4.18E+08,4.99E+08,9.91E+08,20913.23315,2.73E+09,"[[0,8842],[5,19381],[10,21204],[15,16828],[20,9083],[25,4235],[30,2278],[35,1280],[40,825],[45,591],[50,447],[55,352],[60,277],[65,216],[70,221],[75,195],[80,165],[85,131],[90,131],[95,118],[100,98],[105,87],[110,87],[115,65],[120,60],[125,51],[130,64],[135,54],[140,54],[145,44],[150,41],[155,44],[160,31],[165,28],[170,29],[175,30],[180,22],[185,26],[190,27],[195,23],[200,21],[205,25],[210,16],[215,20],[220,15],[225,13],[230,17],[235,13],[240,18],[245,10],[250,13],[255,15],[260,16],[265,11],[270,6],[275,16],[280,11],[285,10],[290,13],[295,8],[300,7],[305,8],[310,8],[315,4],[320,7],[325,7],[330,10],[335,8],[340,7],[345,6],[350,7],[355,10],[360,7],[365,2],[370,2],[375,5],[380,4],[385,8],[390,5],[395,6],[400,7],[405,6],[410,5],[415,4],[420,2],[425,6],[430,6],[435,6],[440,2],[445,4],[450,3],[455,2],[460,6],[465,3],[470,2],[475,4],[480,2],[485,3],[490,2],[495,2],[500,4],[505,2],[510,1],[515,1],[520,1],[530,2],[535,5],[540,2],[545,3],[550,1],[555,1],[560,3],[565,2],[570,1],[575,2],[580,2],[585,2],[590,1],[595,1],[600,1],[605,2],[610,1],[615,2],[620,2],[625,4],[630,3],[640,1],[645,1],[650,3],[655,1],[670,3],[680,1],[695,1],[700,2],[710,1],[715,1],[720,1],[725,1],[735,1],[740,1],[750,1],[775,1],[780,1],[800,2],[810,1],[815,1],[820,1],[835,1],[845,1],[850,1],[855,2],[890,1],[895,1],[920,1],[925,1],[945,1],[960,2],[970,2],[975,1],[985,1],[1025,1],[1045,1],[1050,1],[1060,1],[1070,1],[1115,2],[1130,2],[1140,2],[1225,1],[1250,2],[1255,1],[1300,1],[1305,1],[1350,1],[1385,1],[1415,1],[1450,1],[1460,1],[1505,1],[1625,1],[1655,1],[1695,1],[1830,1],[1940,1],[2045,1],[2420,1],[2450,1],[2530,1],[2635,1],[2735,1],[2775,1],[2850,1]]",743116.3925,2386
Santa Clara County,California,37.4826398,36.9290361,-121.2131567,-122.2016088,37.30334492,-121.9049926,1247.8,407240,91.5935129,95.26594413,3226140,7988938,5570268,6690228,1.23E+07,58,3.57E+07,14.5,8936499.25,1.04E+09,3.11E+09,1.92E+09,2.42E+09,4.51E+09,20981.15108,1.30E+10,"[[0,32020],[5,79054],[10,98356],[15,91485],[20,49670],[25,20353],[30,9007],[35,4696],[40,3077],[45,2113],[50,1667],[55,1301],[60,1097],[65,905],[70,851],[75,676],[80,671],[85,549],[90,484],[95,446],[100,351],[105,428],[110,364],[115,343],[120,315],[125,284],[130,278],[135,290],[140,212],[145,223],[150,210],[155,211],[160,208],[165,173],[170,180],[175,133],[180,182],[185,151],[190,135],[195,117],[200,119],[205,126],[210,109],[215,98],[220,97],[225,93],[230,114],[235,99],[240,90],[245,85],[250,60],[255,61],[260,92],[265,75],[270,84],[275,64],[280,72],[285,52],[290,58],[295,58],[300,42],[305,63],[310,62],[315,41],[320,48],[325,32],[330,35],[335,28],[340,49],[345,37],[350,43],[355,35],[360,41],[365,38],[370,41],[375,36],[380,22],[385,40],[390,36],[395,32],[400,31],[405,22],[410,34],[415,34],[420,22],[425,25],[430,29],[435,21],[440,20],[445,34],[450,24],[455,15],[460,23],[465,18],[470,12],[475,23],[480,17],[485,18],[490,12],[495,11],[500,20],[505,14],[510,10],[515,14],[520,21],[525,15],[530,8],[535,16],[540,13],[545,10],[550,8],[555,5],[560,16],[565,16],[570,16],[575,16],[580,11],[585,11],[590,12],[595,13],[600,12],[605,7],[610,11],[615,12],[620,5],[625,11],[630,3],[635,8],[640,6],[645,11],[650,9],[655,10],[660,5],[665,9],[670,8],[675,5],[680,10],[685,8],[690,10],[695,11],[700,7],[705,8],[710,6],[715,4],[720,8],[725,6],[730,10],[735,6],[740,13],[745,5],[750,5],[755,8],[760,9],[765,4],[770,9],[775,5],[780,5],[785,1],[790,6],[795,9],[800,9],[805,5],[810,6],[815,5],[820,9],[825,7],[830,5],[835,2],[840,5],[845,2],[850,7],[855,2],[860,4],[865,6],[870,8],[875,4],[880,4],[885,9],[890,6],[895,5],[900,1],[905,4],[910,4],[915,2],[920,4],[930,3],[935,6],[940,4],[945,7],[950,1],[955,1],[960,3],[965,6],[970,7],[975,5],[980,5],[990,3],[995,2],[1000,2],[1005,1],[1010,4],[1015,1],[1020,4],[1030,5],[1035,1],[1040,2],[1045,4],[1050,2],[1055,1],[1060,2],[1070,4],[1075,2],[1085,3],[1095,1],[1100,3],[1115,3],[1120,1],[1125,3],[1130,2],[1135,4],[1140,2],[1145,1],[1150,2],[1165,2],[1170,2],[1175,1],[1180,5],[1185,3],[1190,4],[1195,1],[1210,4],[1215,2],[1230,1],[1235,1],[1240,2],[1245,1],[1255,4],[1265,3],[1270,1],[1280,2],[1285,1],[1290,1],[1295,1],[1300,1],[1305,1],[1310,4],[1315,1],[1320,4],[1325,1],[1335,3],[1340,2],[1345,2],[1350,1],[1355,1],[1360,2],[1380,2],[1385,2],[1390,2],[1395,4],[1405,3],[1410,2],[1440,1],[1450,1],[1455,1],[1465,1],[1470,1],[1475,1],[1480,3],[1485,1],[1490,1],[1500,1],[1505,2],[1510,1],[1515,2],[1520,1],[1525,1],[1535,3],[1540,1],[1545,2],[1550,1],[1560,1],[1590,2],[1595,3],[1600,3],[1605,2],[1610,3],[1620,2],[1625,1],[1630,3],[1635,1],[1640,4],[1645,1],[1650,2],[1655,1],[1665,2],[1680,1],[1685,3],[1700,1],[1710,1],[1720,1],[1730,2],[1735,1],[1750,1],[1755,1],[1760,2],[1770,1],[1785,3],[1795,1],[1805,1],[1815,1],[1820,1],[1830,1],[1835,1],[1850,1],[1855,1],[1890,1],[1895,1],[1910,1],[1915,1],[1945,2],[1960,2],[1965,1],[1970,1],[1980,1],[1985,1],[2000,2],[2030,1],[2055,2],[2070,1],[2080,1],[2095,2],[2110,1],[2135,1],[2150,1],[2210,2],[2215,1],[2225,1],[2315,1],[2320,1],[2340,1],[2375,1],[2380,1],[2480,1],[2485,1],[2510,1],[2535,1],[2570,1],[2575,1],[2675,2],[2710,1],[2750,1],[2770,1],[2855,1],[2880,1],[3000,1],[3245,1],[3360,1],[4225,1],[6165,1]]",3541917.022,26167
Santa Cruz County,California,37.2853235,36.8525844,-121.5987805,-122.3161439,36.99136874,-121.9442628,1213.8,59749,77.99507585,82.36242832,304753,899065,632028,779146,1177797,41,3792789,10.25,948197.25,9.55E+07,3.37E+08,2.12E+08,2.72E+08,4.19E+08,14301.17145,1.34E+09,"[[0,10863],[5,17798],[10,13001],[15,8294],[20,3966],[25,1896],[30,940],[35,571],[40,332],[45,259],[50,207],[55,148],[60,142],[65,138],[70,92],[75,65],[80,86],[85,58],[90,46],[95,57],[100,44],[105,41],[110,35],[115,38],[120,32],[125,35],[130,26],[135,17],[140,18],[145,18],[150,12],[155,17],[160,16],[165,22],[170,16],[175,18],[180,21],[185,7],[190,17],[195,10],[200,16],[205,14],[210,12],[215,10],[220,8],[225,11],[230,12],[235,14],[240,8],[245,8],[250,11],[255,9],[260,6],[265,7],[270,5],[275,6],[280,7],[285,4],[290,6],[295,4],[300,5],[305,2],[310,4],[315,2],[320,5],[325,4],[330,4],[335,3],[340,4],[345,3],[350,6],[355,2],[360,2],[365,3],[370,4],[375,4],[380,2],[390,3],[395,1],[400,2],[405,3],[415,2],[420,2],[425,1],[430,6],[435,1],[450,3],[460,1],[470,1],[475,1],[480,4],[485,1],[490,1],[495,1],[505,3],[515,4],[520,1],[525,3],[530,1],[540,1],[545,2],[550,4],[555,1],[560,1],[565,1],[575,2],[590,1],[605,1],[625,1],[645,1],[655,1],[660,1],[670,1],[700,1],[705,1],[720,1],[750,1],[760,2],[810,1],[815,1],[855,1],[865,1],[905,2],[945,1],[955,1],[1010,1],[1035,1],[1045,1],[1065,1],[1075,1],[1135,1],[1170,1],[1245,1],[1840,1],[2090,1],[2130,1],[2410,1],[2665,1],[2935,1]]",363979.1675,1943
Shasta County,California,41.1847014,40.3183673,-121.3382564,-123.000975,40.57799897,-122.2944419,1178.1,53270,72.07270223,79.53714072,137026,1029174,754308,816736,1217863,50,3955107,12.5,988776.75,4.12E+07,3.74E+08,2.46E+08,2.66E+08,4.18E+08,17027.2055,1.35E+09,"[[0,7923],[5,12268],[10,11653],[15,8900],[20,5208],[25,2627],[30,1289],[35,678],[40,457],[45,285],[50,242],[55,146],[60,134],[65,110],[70,100],[75,104],[80,69],[85,76],[90,71],[95,55],[100,57],[105,49],[110,50],[115,54],[120,46],[125,43],[130,30],[135,25],[140,31],[145,26],[150,16],[155,23],[160,18],[165,19],[170,14],[175,15],[180,15],[185,10],[190,16],[195,11],[200,15],[205,8],[210,10],[215,12],[220,7],[225,9],[230,8],[235,8],[240,17],[245,7],[250,11],[255,5],[260,10],[265,7],[270,2],[275,3],[280,4],[285,6],[290,7],[295,5],[300,3],[305,3],[310,4],[315,4],[320,2],[325,2],[330,2],[335,4],[340,4],[345,4],[350,2],[360,2],[365,2],[370,2],[375,1],[380,2],[385,1],[390,3],[395,2],[400,4],[405,2],[410,1],[420,1],[435,1],[440,1],[445,4],[460,4],[470,1],[475,1],[485,2],[490,2],[495,2],[505,2],[510,2],[515,2],[520,1],[525,1],[530,1],[535,2],[550,1],[555,4],[565,1],[570,1],[580,2],[600,1],[605,2],[610,1],[620,2],[630,1],[635,2],[640,1],[675,1],[695,1],[700,1],[715,2],[725,1],[770,1],[810,1],[815,1],[820,1],[840,2],[845,1],[850,1],[860,1],[865,1],[870,1],[875,1],[885,1],[890,1],[895,1],[910,1],[935,1],[1030,1],[1040,1],[1070,1],[1075,1],[1090,1],[1125,1],[1335,1],[1370,1],[1490,1],[1520,1],[1715,1],[1835,1],[2130,1],[2140,1],[2200,1],[2505,1],[3830,1],[4545,1]]",366861.3342,670
Solano County,California,38.5385053,38.0428664,-121.6012864,-122.4031672,38.23993544,-122.0575811,1224.85,116714,84.27581606,96.24547486,695269,2064346,1454555,1821106,2742052,52,8777328,13,2194332,2.19E+08,7.94E+08,4.98E+08,6.37E+08,1.00E+09,18590.48302,3.15E+09,"[[0,9193],[5,28799],[10,32204],[15,24436],[20,11436],[25,4123],[30,1675],[35,833],[40,572],[45,394],[50,266],[55,252],[60,210],[65,196],[70,131],[75,120],[80,114],[85,101],[90,84],[95,85],[100,99],[105,52],[110,54],[115,52],[120,47],[125,48],[130,38],[135,36],[140,32],[145,32],[150,32],[155,30],[160,36],[165,30],[170,39],[175,30],[180,22],[185,23],[190,18],[195,22],[200,28],[205,13],[210,23],[215,14],[220,18],[225,13],[230,13],[235,20],[240,16],[245,7],[250,16],[255,12],[260,11],[265,7],[270,14],[275,7],[280,13],[285,9],[290,11],[295,14],[300,6],[305,3],[310,6],[315,6],[320,7],[325,7],[330,6],[335,6],[340,9],[345,7],[350,6],[355,11],[360,9],[365,9],[370,3],[375,2],[380,3],[385,7],[390,8],[395,4],[400,7],[405,3],[410,9],[415,5],[420,5],[425,4],[430,5],[435,3],[440,4],[445,7],[450,3],[455,5],[460,3],[465,5],[470,2],[475,3],[480,2],[490,2],[495,5],[500,4],[505,1],[510,1],[515,6],[520,1],[525,2],[530,1],[535,1],[540,2],[545,3],[550,2],[555,3],[565,3],[570,2],[575,3],[580,3],[585,3],[590,1],[595,2],[600,3],[605,2],[610,3],[620,3],[625,2],[630,3],[635,1],[640,1],[645,4],[650,2],[655,1],[675,2],[680,3],[685,1],[690,2],[695,2],[700,1],[705,1],[715,1],[720,3],[730,2],[740,1],[745,1],[750,1],[755,1],[760,2],[765,1],[770,1],[790,2],[800,1],[805,3],[810,2],[815,2],[835,1],[850,1],[855,1],[860,2],[865,2],[870,1],[875,1],[885,1],[890,1],[900,2],[910,1],[920,1],[930,1],[940,1],[950,2],[965,1],[970,2],[995,1],[1030,1],[1035,1],[1040,2],[1050,2],[1055,1],[1060,1],[1080,1],[1085,3],[1090,1],[1100,1],[1105,1],[1115,1],[1125,2],[1130,1],[1135,1],[1150,1],[1180,1],[1195,2],[1200,2],[1205,1],[1210,1],[1215,2],[1230,2],[1240,1],[1245,1],[1250,1],[1255,1],[1265,2],[1270,1],[1280,1],[1290,1],[1300,1],[1325,1],[1350,2],[1355,1],[1360,1],[1380,1],[1395,1],[1400,1],[1415,1],[1420,1],[1430,1],[1450,1],[1455,1],[1465,1],[1470,1],[1475,1],[1520,1],[1525,1],[1540,1],[1545,1],[1575,1],[1630,1],[1685,1],[1690,1],[1785,1],[1815,3],[1905,1],[1940,1],[1950,1],[1965,1],[2025,1],[2060,1],[2120,1],[2140,1],[2195,1],[2225,1],[2230,1],[2240,1],[2370,1],[2445,2],[2465,1],[2500,1],[2515,1],[2680,1],[2745,1],[2830,1],[2930,1],[2965,1],[3030,1],[3145,1],[3180,1],[3280,1],[3495,1],[3515,1],[3620,1],[4300,1],[4660,1],[5100,1],[5670,1]]",858695.9973,4957
Sonoma County,California,38.8518277,38.1143884,-122.3689995,-123.5260601,38.41563611,-122.7338501,1193.4,153052,83.36207232,89.43139787,782608,2851073,1949945,2480023,3364643,49,1.14E+07,12.25,2857073,2.41E+08,1.06E+09,6.43E+08,8.50E+08,1.19E+09,17044.48275,3.99E+09,"[[0,19793],[5,37964],[10,35739],[15,26750],[20,14498],[25,6511],[30,2835],[35,1610],[40,1006],[45,694],[50,608],[55,512],[60,421],[65,327],[70,254],[75,265],[80,237],[85,189],[90,146],[95,138],[100,126],[105,148],[110,103],[115,91],[120,94],[125,87],[130,97],[135,75],[140,83],[145,77],[150,69],[155,58],[160,55],[165,57],[170,51],[175,58],[180,48],[185,34],[190,45],[195,45],[200,37],[205,34],[210,32],[215,34],[220,39],[225,28],[230,22],[235,28],[240,29],[245,11],[250,22],[255,23],[260,27],[265,31],[270,19],[275,19],[280,12],[285,19],[290,21],[295,14],[300,11],[305,18],[310,12],[315,7],[320,12],[325,9],[330,10],[335,9],[340,11],[345,11],[350,10],[355,7],[360,8],[365,10],[370,11],[375,12],[380,16],[385,13],[390,8],[395,4],[400,6],[405,2],[410,8],[415,6],[420,7],[425,1],[430,5],[435,7],[440,6],[445,12],[450,3],[455,8],[460,2],[465,7],[470,4],[475,2],[480,6],[485,5],[490,5],[495,7],[500,3],[505,6],[515,3],[520,5],[525,4],[530,4],[535,2],[540,2],[545,2],[550,1],[555,7],[560,2],[565,2],[570,2],[575,3],[580,4],[585,3],[590,5],[595,2],[600,1],[605,3],[610,1],[615,2],[620,2],[625,4],[630,2],[635,1],[640,2],[645,1],[650,3],[655,2],[660,3],[670,1],[675,5],[680,1],[685,1],[690,1],[695,2],[700,1],[705,3],[710,2],[720,2],[725,2],[730,1],[735,3],[740,1],[745,2],[750,1],[755,1],[760,2],[765,1],[775,2],[785,2],[790,2],[795,4],[800,3],[805,1],[810,1],[825,1],[835,2],[840,3],[845,1],[850,2],[855,1],[870,1],[875,2],[885,2],[895,2],[910,1],[915,2],[920,1],[930,1],[940,1],[945,1],[965,2],[970,1],[980,2],[990,1],[995,1],[1000,1],[1015,2],[1020,1],[1035,1],[1040,1],[1055,1],[1070,1],[1085,3],[1100,2],[1110,1],[1120,1],[1135,1],[1145,1],[1170,1],[1190,1],[1210,1],[1215,1],[1225,2],[1235,1],[1240,1],[1280,1],[1285,1],[1295,1],[1325,1],[1360,1],[1375,1],[1405,1],[1410,1],[1420,1],[1485,2],[1505,1],[1525,1],[1555,1],[1580,1],[1585,1],[1630,1],[1635,1],[1670,1],[1675,1],[1695,1],[1730,1],[1765,1],[1815,1],[1825,1],[1830,1],[1880,1],[1895,1],[1980,1],[2085,1],[2165,1],[2270,1],[2275,1],[2290,1],[2365,1],[2380,1],[2565,1],[2640,1],[2870,1],[2965,1],[3385,1],[3445,1]]",1086781.381,6450
Stanislaus County,California,38.068864,37.1708142,-120.4396226,-121.4589416,37.61897927,-120.9505073,1233.35,145150,79.60149375,95.23715791,1071457,2815873,1924837,2523676,4087476,56,1.24E+07,14,3105829.75,3.43E+08,1.10E+09,6.69E+08,8.89E+08,1.52E+09,20338.93115,4.52E+09,"[[0,11659],[5,29936],[10,36409],[15,29662],[20,16719],[25,7660],[30,3743],[35,1972],[40,1135],[45,789],[50,564],[55,494],[60,357],[65,316],[70,262],[75,255],[80,198],[85,154],[90,171],[95,145],[100,141],[105,144],[110,116],[115,86],[120,102],[125,94],[130,65],[135,102],[140,73],[145,55],[150,57],[155,69],[160,52],[165,48],[170,40],[175,60],[180,47],[185,30],[190,40],[195,38],[200,32],[205,29],[210,38],[215,19],[220,24],[225,27],[230,17],[235,21],[240,27],[245,18],[250,19],[255,25],[260,22],[265,20],[270,18],[275,24],[280,11],[285,15],[290,17],[295,15],[300,15],[305,4],[310,14],[315,13],[320,18],[325,10],[330,11],[335,7],[340,9],[345,10],[350,4],[355,14],[360,10],[365,6],[370,9],[375,7],[380,1],[385,4],[390,8],[395,8],[400,9],[405,10],[410,8],[415,8],[420,4],[425,8],[430,8],[435,6],[440,10],[445,9],[450,4],[455,5],[460,3],[465,3],[470,8],[475,2],[480,5],[485,6],[490,6],[495,6],[500,8],[505,2],[510,4],[515,4],[520,4],[525,3],[530,4],[535,3],[540,5],[545,4],[550,5],[555,7],[560,2],[565,2],[570,1],[575,1],[580,1],[585,2],[590,4],[595,3],[600,2],[605,3],[610,4],[620,1],[625,1],[630,1],[635,1],[640,2],[645,3],[650,2],[655,4],[660,3],[670,4],[675,1],[680,2],[685,1],[690,1],[695,2],[700,2],[705,3],[710,1],[720,1],[730,2],[735,3],[740,1],[755,2],[760,2],[765,2],[770,3],[775,3],[785,2],[795,2],[800,1],[805,5],[810,1],[815,1],[830,1],[835,4],[840,3],[855,2],[860,1],[865,2],[870,3],[875,1],[880,4],[885,2],[890,1],[900,4],[905,2],[910,1],[915,1],[920,1],[925,2],[930,1],[935,1],[940,3],[950,1],[955,1],[965,1],[975,1],[990,3],[1005,1],[1010,2],[1020,2],[1045,1],[1055,2],[1065,2],[1070,2],[1075,1],[1080,1],[1090,1],[1095,1],[1100,1],[1105,2],[1110,1],[1115,1],[1120,2],[1125,3],[1135,1],[1145,1],[1150,2],[1165,1],[1170,2],[1185,1],[1190,1],[1195,1],[1200,1],[1205,2],[1220,1],[1225,1],[1240,1],[1250,1],[1260,2],[1270,1],[1285,1],[1300,1],[1315,1],[1320,3],[1330,3],[1340,1],[1345,1],[1355,1],[1370,1],[1395,1],[1400,1],[1420,2],[1425,2],[1440,1],[1445,1],[1460,1],[1475,1],[1485,1],[1490,2],[1505,1],[1525,1],[1535,1],[1560,1],[1575,2],[1585,1],[1590,1],[1595,1],[1610,1],[1625,2],[1635,1],[1645,1],[1650,2],[1660,1],[1700,3],[1705,1],[1715,1],[1730,1],[1740,1],[1755,1],[1780,1],[1785,1],[1815,1],[1820,1],[1825,1],[1830,1],[1845,1],[1910,1],[1915,1],[1920,1],[1945,2],[1950,1],[1990,1],[2030,2],[2035,1],[2050,1],[2070,1],[2080,1],[2120,1],[2150,1],[2155,1],[2235,1],[2265,1],[2270,1],[2275,1],[2285,2],[2330,1],[2390,2],[2400,1],[2420,1],[2445,1],[2470,1],[2540,1],[2565,1],[2635,1],[2650,1],[2690,1],[2730,1],[2765,1],[2790,1],[2845,1],[2860,1],[2870,1],[2915,1],[2930,1],[3105,1],[3180,1],[3560,1],[3680,1],[4005,1],[6850,1]]",1232590.206,3595
Sutter County,California,39.3052151,38.7348454,-121.4152266,-121.9451557,39.12500397,-121.6478481,1203.6,24916,72.07820499,94.12920287,133515,536013,394955,470191,669897,63,2204571,15.75,551142.75,4.14E+07,2.03E+08,1.32E+08,1.60E+08,2.41E+08,22245.59373,7.77E+08,"[[0,1744],[5,4009],[10,5684],[15,5367],[20,3514],[25,1846],[30,770],[35,418],[40,269],[45,169],[50,118],[55,108],[60,98],[65,86],[70,68],[75,64],[80,41],[85,43],[90,37],[95,35],[100,31],[105,25],[110,25],[115,19],[120,21],[125,16],[130,17],[135,11],[140,12],[145,6],[150,6],[155,10],[160,8],[165,9],[170,15],[175,7],[180,11],[185,8],[190,10],[195,8],[200,5],[205,6],[210,4],[215,5],[220,6],[225,4],[230,6],[235,4],[240,3],[245,3],[250,3],[255,5],[260,4],[265,5],[270,4],[275,1],[280,2],[285,3],[290,6],[295,3],[305,1],[310,2],[315,1],[320,1],[325,2],[330,2],[335,3],[340,1],[345,1],[350,1],[355,3],[370,1],[380,1],[390,4],[415,1],[435,1],[440,2],[450,1],[455,3],[465,1],[470,1],[480,2],[490,1],[495,1],[500,1],[520,1],[530,1],[535,2],[565,1],[570,1],[605,1],[640,1],[645,1],[660,1],[675,1],[745,1],[770,1],[950,1],[995,1],[1040,1],[1085,1],[1175,1],[1230,1],[1235,1],[1260,1],[1425,1],[1460,2],[1595,1],[1730,1],[1745,1],[1755,1],[1865,1],[2050,1],[3080,1],[7415,1]]",211890.2512,1587
Tehama County,California,40.4436934,39.7975304,-121.3584182,-122.9459092,40.11392243,-122.2112393,1140.7,3,0.016726137,50,22,200,36,32,16,17,306,4.25,76.5,6793.916046,74140.78391,11572.36692,10012.76592,5308.873804,5777.989551,107828.7066,"[[0,2],[70,1]]",29.3974506,0
Tulare County,California,36.7413782,35.7906149,-118.0112667,-119.5724563,36.25117853,-119.2305686,1242.7,103840,65.67323867,93.98305698,990706,2083817,1285455,1531262,3266219,59,9157459,14.75,2289364.75,3.22E+08,8.28E+08,4.60E+08,5.45E+08,1.24E+09,21791.19683,3.39E+09,"[[0,9118],[5,19980],[10,22861],[15,20663],[20,13378],[25,6634],[30,3438],[35,1865],[40,1107],[45,691],[50,540],[55,452],[60,305],[65,232],[70,206],[75,164],[80,159],[85,132],[90,118],[95,115],[100,111],[105,79],[110,83],[115,71],[120,86],[125,68],[130,63],[135,49],[140,50],[145,37],[150,42],[155,39],[160,40],[165,39],[170,29],[175,36],[180,27],[185,34],[190,26],[195,21],[200,23],[205,16],[210,16],[215,15],[220,22],[225,19],[230,22],[235,10],[240,10],[245,13],[250,9],[255,9],[260,9],[265,4],[270,12],[275,8],[280,6],[285,9],[290,13],[295,9],[300,2],[305,7],[310,8],[315,8],[320,3],[325,8],[330,4],[335,2],[340,2],[345,5],[350,9],[355,8],[360,7],[365,7],[370,1],[375,4],[380,6],[385,5],[390,2],[395,5],[400,7],[405,5],[410,4],[415,4],[420,3],[425,3],[430,4],[435,3],[440,1],[445,3],[450,2],[455,1],[460,1],[465,3],[475,2],[480,5],[485,1],[490,2],[495,1],[500,3],[505,5],[510,3],[520,2],[525,5],[530,3],[535,4],[540,2],[550,2],[555,2],[560,1],[565,1],[570,1],[590,4],[595,1],[600,1],[610,2],[615,1],[620,2],[625,7],[630,1],[635,2],[640,1],[645,4],[650,2],[655,1],[665,1],[670,2],[685,1],[690,2],[705,2],[725,1],[730,1],[735,1],[740,1],[750,2],[755,4],[775,1],[780,3],[785,1],[790,1],[795,2],[810,1],[820,1],[830,1],[840,2],[845,1],[860,5],[865,2],[870,3],[875,2],[885,2],[900,1],[910,1],[915,1],[925,2],[930,1],[940,2],[970,1],[975,1],[980,1],[990,1],[995,2],[1005,2],[1015,2],[1025,1],[1030,2],[1035,1],[1040,1],[1060,1],[1065,1],[1070,2],[1085,1],[1090,1],[1095,1],[1100,3],[1115,5],[1120,3],[1130,2],[1135,1],[1150,2],[1175,1],[1185,2],[1215,1],[1225,1],[1235,1],[1245,2],[1270,1],[1280,1],[1285,1],[1290,1],[1330,1],[1360,1],[1375,1],[1385,1],[1410,1],[1415,1],[1420,1],[1445,1],[1475,1],[1485,2],[1545,1],[1580,1],[1600,1],[1605,1],[1610,1],[1625,1],[1720,1],[1735,1],[1770,1],[1780,1],[1810,1],[1815,1],[1835,1],[1870,1],[1880,1],[1905,1],[1920,1],[1925,2],[1935,2],[1940,1],[1955,1],[1965,1],[1995,1],[2070,1],[2075,1],[2120,1],[2135,1],[2245,1],[2260,1],[2280,1],[2390,1],[2400,1],[2410,1],[2415,1],[2420,1],[2495,1],[2555,1],[2565,1],[2590,1],[2605,1],[2640,1],[2655,1],[2680,1],[2760,1],[2790,1],[2810,1],[2825,1],[2865,1],[3080,1],[3100,1],[3115,1],[3240,1],[3370,1],[3450,1],[4510,1],[4785,1],[4905,1],[5135,1],[5505,1],[6230,1]]",924505.2677,3414
Ventura County,California,34.874939,34.0143623,-118.6327006,-119.4776624,34.25087772,-119.0185298,1309.85,221311,94.24081439,95.01629322,1146005,4246220,3097107,3839373,5497858,57,1.78E+07,14.25,4456640.75,3.85E+08,1.73E+09,1.12E+09,1.43E+09,2.09E+09,21634.90557,6.76E+09,"[[0,17729],[5,46049],[10,54499],[15,45426],[20,25555],[25,12089],[30,5782],[35,3133],[40,1935],[45,1271],[50,949],[55,697],[60,543],[65,447],[70,393],[75,329],[80,301],[85,207],[90,245],[95,211],[100,187],[105,184],[110,163],[115,172],[120,128],[125,128],[130,117],[135,131],[140,120],[145,91],[150,86],[155,83],[160,87],[165,77],[170,74],[175,56],[180,75],[185,64],[190,47],[195,49],[200,52],[205,43],[210,43],[215,48],[220,24],[225,32],[230,44],[235,40],[240,23],[245,31],[250,28],[255,17],[260,26],[265,20],[270,28],[275,25],[280,21],[285,24],[290,16],[295,18],[300,15],[305,16],[310,7],[315,12],[320,17],[325,17],[330,12],[335,17],[340,20],[345,12],[350,12],[355,13],[360,9],[365,12],[370,15],[375,12],[380,7],[385,19],[390,7],[395,9],[400,12],[405,8],[410,7],[415,8],[420,9],[425,14],[430,5],[435,11],[440,6],[445,4],[450,13],[455,9],[460,7],[465,6],[470,7],[475,8],[480,8],[485,12],[490,7],[495,8],[500,7],[505,2],[510,4],[515,7],[520,3],[525,8],[530,5],[535,7],[540,4],[545,7],[550,3],[555,4],[560,3],[565,5],[570,4],[575,5],[580,3],[585,5],[590,5],[595,6],[600,2],[605,4],[610,6],[615,2],[620,4],[625,4],[630,1],[635,4],[640,1],[645,2],[650,1],[655,2],[660,2],[665,3],[670,3],[675,4],[680,1],[685,1],[690,6],[695,6],[700,4],[705,4],[710,3],[715,2],[720,2],[725,2],[730,2],[735,2],[740,1],[745,1],[750,2],[755,1],[760,4],[765,4],[770,3],[780,3],[785,6],[790,2],[795,1],[800,1],[805,2],[810,2],[815,2],[820,2],[835,1],[840,2],[860,1],[865,1],[875,1],[880,2],[885,2],[890,2],[895,2],[900,1],[905,2],[910,1],[915,2],[920,1],[935,2],[940,1],[945,2],[950,1],[960,1],[965,2],[970,3],[975,1],[995,1],[1000,6],[1005,1],[1020,3],[1025,2],[1030,1],[1035,1],[1040,4],[1045,2],[1055,1],[1060,1],[1065,1],[1075,2],[1080,1],[1085,1],[1090,2],[1100,1],[1115,1],[1125,1],[1135,1],[1140,1],[1145,1],[1165,1],[1185,2],[1190,1],[1195,1],[1200,1],[1215,1],[1220,2],[1225,2],[1230,2],[1235,1],[1275,2],[1280,3],[1295,2],[1305,1],[1315,3],[1320,1],[1330,1],[1335,2],[1340,1],[1350,1],[1360,1],[1365,1],[1375,1],[1380,1],[1400,2],[1425,1],[1430,1],[1435,1],[1460,1],[1485,2],[1490,1],[1510,1],[1520,1],[1530,1],[1535,1],[1545,1],[1565,1],[1575,1],[1580,1],[1700,1],[1735,1],[1740,1],[1765,1],[1795,1],[1800,1],[1815,1],[1830,1],[1840,1],[1855,1],[1860,1],[1895,1],[1930,1],[2015,1],[2050,1],[2085,1],[2125,1],[2155,1],[2170,1],[2205,1],[2285,1],[2335,1],[2465,1],[2550,1],[2570,1],[2580,1],[2620,1],[2765,1],[2795,1],[2910,1],[3685,1],[4435,1],[4665,1],[6020,1]]",1843487.824,9208
Yolo County,California,38.9255336,38.313953,-121.5029785,-122.3793572,38.60690467,-121.7315082,1212.95,47663,76.5280853,90.72618254,249287,908071,562638,705193,2095897,50,4521086,12.5,1130271.5,7.76E+07,3.44E+08,1.91E+08,2.41E+08,7.62E+08,17467.30078,1.61E+09,"[[0,5186],[5,12139],[10,12422],[15,7929],[20,3877],[25,1813],[30,899],[35,571],[40,373],[45,274],[50,238],[55,160],[60,117],[65,122],[70,81],[75,91],[80,69],[85,58],[90,58],[95,48],[100,48],[105,41],[110,39],[115,50],[120,27],[125,30],[130,40],[135,25],[140,34],[145,24],[150,28],[155,23],[160,28],[165,12],[170,17],[175,17],[180,14],[185,14],[190,15],[195,17],[200,17],[205,14],[210,15],[215,12],[220,18],[225,8],[230,13],[235,8],[240,7],[245,11],[250,6],[255,12],[260,9],[265,10],[270,11],[275,7],[280,9],[285,11],[290,8],[295,5],[300,10],[305,8],[310,7],[315,10],[320,8],[325,9],[330,6],[335,7],[340,4],[345,6],[350,6],[355,4],[360,2],[365,5],[370,3],[375,5],[380,2],[385,4],[390,3],[395,2],[400,3],[405,5],[410,5],[415,6],[420,3],[425,1],[435,5],[440,1],[445,4],[450,3],[455,3],[460,3],[465,2],[470,2],[475,3],[480,2],[485,2],[490,1],[495,2],[500,2],[505,2],[510,5],[515,3],[525,2],[530,4],[535,2],[540,2],[545,4],[550,2],[555,3],[560,6],[565,1],[570,3],[575,2],[580,2],[585,5],[590,1],[595,2],[600,1],[605,1],[610,4],[615,4],[620,2],[625,2],[630,1],[635,2],[640,2],[645,2],[650,1],[655,5],[660,1],[665,1],[670,1],[685,2],[690,1],[695,1],[700,2],[705,3],[710,2],[715,1],[730,2],[735,1],[750,1],[760,2],[765,1],[770,1],[775,2],[785,2],[790,1],[795,1],[800,1],[810,1],[830,1],[835,4],[840,1],[845,1],[855,3],[920,1],[925,1],[930,4],[935,1],[945,1],[950,1],[955,1],[965,2],[970,1],[975,2],[1000,1],[1025,1],[1035,1],[1060,2],[1065,2],[1075,1],[1085,1],[1090,1],[1095,1],[1105,1],[1110,1],[1120,1],[1130,1],[1135,1],[1165,2],[1180,1],[1210,2],[1240,1],[1260,1],[1265,2],[1290,1],[1305,1],[1325,1],[1335,2],[1405,1],[1425,1],[1445,1],[1455,1],[1460,1],[1485,1],[1495,1],[1520,1],[1565,1],[1570,1],[1580,1],[1600,1],[1605,1],[1615,1],[1620,1],[1645,2],[1655,1],[1695,1],[1725,1],[1850,1],[1950,1],[2065,1],[2070,1],[2075,1],[2275,1],[2465,1],[2510,1],[2625,1],[2750,1],[2755,1],[2840,1],[2960,1],[3085,1],[3105,1],[3170,1],[3190,1],[3285,1],[3350,1],[3475,1],[3495,1],[3670,1],[3800,1],[3805,1],[3840,1],[3945,1],[3965,1],[4485,1],[5335,1],[5640,1],[5780,1]]",440235.3484,3174
Yuba County,California,39.5851737,38.9706031,-121.0240581,-121.6256581,39.16188575,-121.4811807,1195.95,14213,49.05037953,92.80444009,95673,230365,202345,224769,373846,54,1126998,13.5,281749.5,2.97E+07,8.75E+07,6.86E+07,7.67E+07,1.34E+08,18915.55469,3.96E+08,"[[0,1371],[5,3106],[10,3575],[15,2875],[20,1541],[25,634],[30,230],[35,147],[40,106],[45,60],[50,47],[55,46],[60,41],[65,29],[70,35],[75,19],[80,21],[85,21],[90,17],[95,26],[100,17],[105,16],[110,10],[115,14],[120,17],[125,16],[130,10],[135,6],[140,3],[145,12],[150,3],[155,3],[160,8],[165,8],[170,8],[175,5],[180,3],[185,3],[190,2],[195,3],[200,5],[205,7],[210,5],[220,2],[225,2],[235,1],[240,4],[245,4],[250,2],[255,1],[260,2],[265,3],[270,1],[275,4],[280,2],[285,2],[295,2],[305,2],[310,1],[315,2],[320,2],[325,1],[345,1],[360,1],[375,1],[380,2],[385,1],[400,2],[405,1],[410,1],[425,1],[435,2],[450,2],[455,2],[475,1],[485,1],[490,1],[495,1],[505,1],[525,1],[535,1],[580,1],[655,1],[670,1],[690,1],[705,1],[715,1],[795,1],[805,1],[850,1],[855,1],[945,1],[965,1],[1350,1],[1465,1],[1555,1],[1815,1],[2240,1],[2590,1]]",108054.3488,477
